load_id,density_percent,filling_space_percent,loading_width,loading_height,loading_length,boxes_volume,r_width,r_height,r_length,mean_width,mean_height,mean_length,mean_stacking,mean_turnover,boxes_qty
11834,81.76416,81.72327,800.0,2000.0,1200.0,1569086877.0,0.1919191919191919,0.36977491961414793,0.3542713567839196,130.96296296296296,175.96666666666667,214.5962962962963,1.0,1.0,270
12729,82.5,51.5625,800.0,2000.0,1200.0,990000000.0,1.0,1.0,1.0,300.0,250.0,400.0,1.0,0.0,33
13579,94.44444,64.24381,2500.0,2100.0,7500.0,25296000000.0,1.0,1.0,1.0,800.0,1550.0,1200.0,0.0,0.0,17
13580,74.02778,67.29798,800.0,1650.0,1200.0,1066000000.0,0.6666666666666666,0.6666666666666666,0.6,278.7878787878788,269.6969696969697,415.1515151515151,1.0,1.0,33
14208,100.0,58.26317,2490.0,2590.0,13490.0,50688000000.0,1.0,1.0,1.0,800.0,1600.0,1200.0,0.0,0.0,33
14457,92.20825,90.27382,2480.0,2860.0,13600.0,87080000000.0,1.0,0.52,0.7333333333333333,175.0,209.75155279503105,2462.9399585921324,1.0,0.0,966
14770,55.72132,44.63278,2400.0,2500.0,6100.0,16335596000.0,0.39,0.375,0.5575539568345323,1605.7142857142858,1597.142857142857,1040.0,0.42857142857142855,0.0,7
14771,82.7095,72.29493,2490.0,2590.0,13490.0,62895403000.0,0.4375,0.1986754966887417,0.5036764705882353,843.3333333333334,819.074074074074,1584.8148148148148,1.0,0.0,54
14772,58.69138,47.83901,2450.0,2650.0,8800.0,27332340000.0,0.31,0.375,0.5575539568345323,1280.0,1327.7777777777778,912.2222222222222,0.7777777777777778,0.1111111111111111,18
14775,55.72132,44.63278,2400.0,2500.0,6100.0,16335596000.0,0.39,0.375,0.5575539568345323,1605.7142857142858,1597.142857142857,1040.0,0.42857142857142855,0.0,7
14781,100.0,58.33333,400.0,600.0,400.0,56000000.0,1.0,1.0,1.0,100.0,70.0,200.0,1.0,1.0,40
14784,95.3125,92.42424,800.0,1650.0,1200.0,1464000000.0,0.6666666666666666,0.6666666666666666,0.6,271.6981132075472,252.83018867924528,388.6792452830189,1.0,1.0,53
14786,99.43182,98.4375,800.0,2000.0,1200.0,1890000000.0,0.6666666666666666,0.6,0.625,272.72727272727275,267.27272727272725,359.09090909090907,1.0,0.0,66
14787,99.43182,98.4375,800.0,2000.0,1200.0,1890000000.0,0.6666666666666666,0.6,0.625,272.72727272727275,267.27272727272725,359.09090909090907,1.0,0.0,66
14793,80.63824,45.05843,2450.0,2450.0,13600.0,36783000000.0,0.9666666666666667,0.9393939393939394,0.95,295.0,320.0,195.0,1.0,1.0,2000
14798,63.38312,45.05843,2450.0,2450.0,13600.0,36783000000.0,0.9666666666666667,0.9393939393939394,0.95,295.0,320.0,195.0,1.0,1.0,2000
14803,62.54826,53.02746,1978.0,2100.0,3089.0,6804000000.0,0.9333333333333333,0.5416666666666666,0.5714285714285714,284.7457627118644,780.5084745762712,471.1864406779661,1.0,0.0,59
14806,47.6821,44.10313,1978.0,2100.0,3089.0,5658912000.0,0.875,0.2,0.5714285714285714,297.14285714285717,690.0,531.4285714285714,0.2857142857142857,1.0,49
14808,47.6821,44.10313,1978.0,2100.0,3089.0,5658912000.0,0.875,0.2,0.5714285714285714,297.14285714285717,690.0,531.4285714285714,0.2857142857142857,1.0,49
14809,49.93126,47.09761,1978.0,2100.0,3089.0,6043136000.0,0.6511627906976745,0.2,0.5,315.0943396226415,624.1509433962265,575.8490566037735,0.4339622641509434,1.0,53
14810,47.80008,45.96287,1978.0,2100.0,3089.0,5897536000.0,0.6511627906976745,0.2,0.5,316.47058823529414,623.1372549019608,582.7450980392157,0.45098039215686275,0.8823529411764706,51
14811,49.37232,45.96287,1978.0,2100.0,3089.0,5897536000.0,0.6511627906976745,0.2,0.5,316.47058823529414,623.1372549019608,582.7450980392157,0.3333333333333333,1.0,51
14836,55.5809,41.75434,1978.0,2100.0,3089.0,5357536000.0,0.6511627906976745,0.2,0.5,357.7083333333333,480.8333333333333,677.5,0.3541666666666667,1.0,48
14860,89.15496,79.75931,800.0,2350.0,1200.0,1799370000.0,0.8444444444444444,0.7833333333333333,0.8297872340425532,387.0,587.0,398.0,1.0,0.1,20
14864,76.15648,26.94751,2480.0,2700.0,13620.0,24576000000.0,1.0,0.6666666666666666,1.0,800.0,984.6153846153846,1200.0,0.0,0.0,26
14870,76.15648,26.94751,2480.0,2700.0,13620.0,24576000000.0,1.0,0.6666666666666666,1.0,800.0,984.6153846153846,1200.0,0.0,0.0,26
14905,99.43182,98.4375,800.0,2000.0,1200.0,1890000000.0,0.6666666666666666,0.6,0.625,272.72727272727275,267.27272727272725,359.09090909090907,1.0,0.0,66
14933,87.27273,38.05116,2040.0,2674.0,8880.0,18432000000.0,1.0,0.6666666666666666,1.0,800.0,1066.6666666666667,1200.0,0.0,0.0,18
14941,90.51218,70.36417,800.0,2500.0,1200.0,1688740000.0,0.717948717948718,0.7631578947368421,0.9423076923076923,295.0,362.5,496.25,1.0,1.0,32
14942,90.51218,70.36417,800.0,2500.0,1200.0,1688740000.0,0.717948717948718,0.7631578947368421,0.9423076923076923,295.0,362.5,496.25,1.0,1.0,32
14946,100.0,75.0,800.0,2000.0,1200.0,1440000000.0,1.0,1.0,1.0,500.0,400.0,600.0,1.0,1.0,12
14947,82.084,69.39867,1000.0,2330.0,1100.0,1778688000.0,0.8,0.9555555555555556,0.5887850467289719,344.61538461538464,436.15384615384613,934.6153846153846,1.0,0.3076923076923077,13
14948,76.33322,69.1009,1000.0,2330.0,1100.0,1771056000.0,0.7,0.6444444444444445,0.45794392523364486,334.6666666666667,413.3333333333333,840.6666666666666,1.0,0.4666666666666667,15
14949,79.12946,68.71463,1000.0,2330.0,1100.0,1761156000.0,0.7,0.6444444444444445,0.45794392523364486,332.14285714285717,420.7142857142857,895.0,1.0,1.0,14
14950,86.95652,16.51879,2600.0,2650.0,9700.0,11040000000.0,1.0,1.0,1.0,800.0,2300.0,1500.0,0.0,1.0,4
14951,68.84688,17.43809,2600.0,2650.0,9700.0,11654400000.0,1.0,0.06956521739130435,0.8,800.0,1230.0,1350.0,0.5,1.0,8
14952,45.11657,25.71185,2600.0,2650.0,9700.0,17184000000.0,1.0,0.6956521739130435,0.8,800.0,1950.0,1350.0,0.5,1.0,8
14955,94.64265,66.25207,2352.0,2385.0,12032.0,44716000000.0,0.7272727272727273,0.38461538461538464,0.9166666666666666,1085.7142857142858,1766.6666666666667,1104.7619047619048,1.0,1.0,21
14957,94.64265,66.25207,2352.0,2385.0,12032.0,44716000000.0,0.7272727272727273,0.38461538461538464,0.9166666666666666,1085.7142857142858,1766.6666666666667,1104.7619047619048,1.0,1.0,21
14974,79.10819,36.20749,2490.0,2590.0,13490.0,31499925000.0,0.05054945054945055,0.5,0.16236084856122662,1789.98,104.0,3237.18,1.0,0.0,50
14975,63.64827,6.23493,2420.0,2450.0,13550.0,5009017260.0,0.17644006227296316,1.0,0.08263707571801567,1078.0689655172414,60.0,2562.0,1.0,0.0,29
14993,98.24176,84.30492,2352.0,2698.0,12032.0,64368000000.0,1.0,0.7258064516129032,1.0,400.0,874.5652173913044,400.0,1.0,1.0,460
15024,48.6333,40.74575,2359.0,2700.0,12022.0,31199722600.0,0.12093023255813953,0.05136363636363636,0.09,818.3333333333334,844.2916666666666,1288.3333333333333,0.4583333333333333,1.0,24
15044,48.51001,41.37475,2359.0,2700.0,12022.0,31681358000.0,0.12093023255813953,0.05909090909090909,0.09,753.6,827.2,1404.8,0.52,1.0,25
15045,48.51001,41.37475,2359.0,2700.0,12022.0,31681358000.0,0.12093023255813953,0.05909090909090909,0.09,753.6,827.2,1404.8,0.52,1.0,25
15046,48.51001,41.37475,2359.0,2700.0,12022.0,31681358000.0,0.12093023255813953,0.05909090909090909,0.09,753.6,827.2,1404.8,0.52,1.0,25
15073,76.12721,14.51527,2480.0,2860.0,13600.0,14001736000.0,0.7272727272727273,0.4411764705882353,0.8823529411764706,974.4444444444445,1027.7777777777778,1535.5555555555557,1.0,1.0,9
15077,88.59972,78.7553,1200.0,1800.0,2200.0,3742452000.0,0.5555555555555556,0.22727272727272727,0.17272727272727273,524.0,128.0,1308.0,1.0,1.0,35
15078,67.50455,22.50152,1200.0,1800.0,2200.0,1069272000.0,0.5555555555555556,0.22727272727272727,0.17272727272727273,524.0,128.0,1308.0,1.0,1.0,10
15079,79.12094,73.84621,1200.0,1800.0,2200.0,3509172000.0,0.5555555555555556,0.22727272727272727,0.17272727272727273,518.2352941176471,126.47058823529412,1293.5294117647059,1.0,1.0,34
15080,79.12094,73.84621,1200.0,1800.0,2200.0,3509172000.0,0.5555555555555556,0.22727272727272727,0.17272727272727273,518.2352941176471,126.47058823529412,1293.5294117647059,1.0,1.0,34
15082,79.64019,78.7553,1200.0,1800.0,2200.0,3742452000.0,0.5555555555555556,0.22727272727272727,0.17272727272727273,524.0,128.0,1308.0,1.0,1.0,35
15083,55.07126,10.06973,2490.0,2590.0,13490.0,8760496000.0,0.37300177619893427,0.5543478260869565,0.5277777777777778,295.7464788732394,322.84507042253523,235.6338028169014,1.0,1.0,355
15129,83.33333,8.23438,800.0,2000.0,1200.0,158100000.0,1.0,1.0,1.0,310.0,100.0,510.0,1.0,1.0,10
15134,62.0,15.5,800.0,2000.0,1200.0,297600000.0,1.0,1.0,1.0,240.0,100.0,310.0,1.0,1.0,40
15135,100.0,77.81519,220.0,135.0,270.0,6240000.0,1.0,1.0,1.0,40.0,40.0,65.0,1.0,1.0,60
15140,80.2589,15.5,800.0,2000.0,1200.0,297600000.0,1.0,1.0,1.0,240.0,100.0,310.0,1.0,0.0,40
15159,79.86997,79.43068,800.0,2000.0,1200.0,1525069063.0,0.16,0.1111111111111111,0.10048426150121065,202.06,154.53,366.74,1.0,1.0,100
15160,72.82762,72.68197,800.0,2000.0,1200.0,1395493803.0,0.16,0.1111111111111111,0.10048426150121065,184.4952380952381,153.8761904761905,361.62857142857143,1.0,0.0,105
15161,92.54325,82.39559,2490.0,2590.0,13490.0,71682810000.0,0.16877637130801687,0.16326530612244897,0.04352557127312296,928.75,1096.25,2452.5,1.0,0.0,8
15173,92.54325,82.39559,2490.0,2590.0,13490.0,71682810000.0,0.16877637130801687,0.16326530612244897,0.04352557127312296,928.75,1096.25,2452.5,1.0,0.0,8
15174,92.54325,82.39559,2490.0,2590.0,13490.0,71682810000.0,0.16877637130801687,0.16326530612244897,0.04352557127312296,928.75,1096.25,2452.5,1.0,0.0,8
15183,91.18541,13.28999,2352.0,2393.0,12032.0,9000000000.0,1.0,1.0,1.0,200.0,25.0,6000.0,1.0,1.0,300
15186,94.56265,53.15996,2352.0,2393.0,12032.0,36000000000.0,1.0,1.0,1.0,200.0,25.0,6000.0,1.0,1.0,1200
15190,95.88089,57.57696,2330.0,2698.0,12010.0,43470000000.0,1.0,1.0,1.0,200.0,25.0,6000.0,1.0,1.0,1449
15198,46.64721,30.78793,2490.0,2590.0,13490.0,26784996000.0,0.1762114537444934,0.25,0.17857142857142858,1207.0,798.0,1566.0,0.0,0.0,10
15211,58.3393,49.24104,2480.0,2860.0,13600.0,47498927000.0,0.26842105263157895,0.1510204081632653,0.05,994.0,1393.6,1146.4,0.04,1.0,25
15212,57.48137,49.24104,2480.0,2860.0,13600.0,47498927000.0,0.26842105263157895,0.1510204081632653,0.05,994.0,1393.6,1146.4,0.0,0.0,25
15215,96.64382,92.79553,2480.0,2860.0,13600.0,89512500000.0,1.0,0.52,0.7333333333333333,175.0,214.23432682425488,2460.431654676259,1.0,0.0,973
15216,81.76416,81.72327,800.0,2000.0,1200.0,1569086877.0,0.1919191919191919,0.36977491961414793,0.3542713567839196,130.96296296296296,175.96666666666667,214.5962962962963,1.0,1.0,270
15217,78.19096,78.14752,800.0,1800.0,1200.0,1350389132.0,0.1919191919191919,0.36977491961414793,0.3542713567839196,123.86234817813765,172.09716599190284,209.417004048583,1.0,1.0,247
15234,69.94074,51.91179,1978.0,2100.0,4168.0,8987508000.0,0.5576923076923077,0.6744186046511628,0.921875,384.70588235294116,1042.9411764705883,610.5882352941177,0.5882352941176471,0.5882352941176471,34
15253,73.19202,49.43209,1978.0,2100.0,4168.0,8558196000.0,0.5576923076923077,0.6744186046511628,0.921875,380.6060606060606,1035.4545454545455,609.6969696969697,1.0,0.6060606060606061,33
15254,72.06703,54.39149,1978.0,2100.0,4168.0,9416820000.0,0.5576923076923077,0.6744186046511628,0.921875,388.57142857142856,1050.0,611.4285714285714,1.0,1.0,35
15255,72.03363,46.66986,2282.0,2494.0,5000.0,13280628000.0,0.5576923076923077,0.6744186046511628,0.921875,415.45454545454544,1099.090909090909,617.2727272727273,1.0,1.0,44
15275,85.92912,85.10719,2400.0,2300.0,6120.0,28751250000.0,0.7407407407407407,0.5833333333333334,0.5925925925925926,1295.7446808510638,380.51063829787233,1270.212765957447,1.0,1.0,47
15277,76.33322,69.1009,1000.0,2330.0,1100.0,1771056000.0,0.7,0.6444444444444445,0.45794392523364486,334.6666666666667,413.3333333333333,840.6666666666666,1.0,0.4666666666666667,15
15297,72.06703,54.39149,1978.0,2100.0,4168.0,9416820000.0,0.5576923076923077,0.6744186046511628,0.921875,388.57142857142856,1050.0,611.4285714285714,1.0,1.0,35
15313,55.27211,54.08501,2352.0,2385.0,12032.0,36504000000.0,1.0,1.0,1.0,1000.0,1170.0,1200.0,1.0,0.0,26
15316,55.27211,54.08501,2352.0,2385.0,12032.0,36504000000.0,1.0,1.0,1.0,1000.0,1170.0,1200.0,1.0,0.0,26
15317,55.27211,54.08501,2352.0,2385.0,12032.0,36504000000.0,1.0,1.0,1.0,1000.0,1170.0,1200.0,1.0,0.0,26
15318,57.39796,56.1652,2352.0,2385.0,12032.0,37908000000.0,1.0,1.0,1.0,1000.0,1170.0,1200.0,1.0,0.0,27
15323,42.80376,33.71416,2490.0,2590.0,13490.0,29330766000.0,0.16521739130434782,0.058823529411764705,0.06289308176100629,642.5925925925926,714.074074074074,1641.111111111111,0.0,0.0,27
15324,43.66653,34.39371,2490.0,2590.0,13490.0,29921967000.0,0.16521739130434782,0.058823529411764705,0.06289308176100629,660.6896551724138,698.9655172413793,1575.8620689655172,0.06896551724137931,0.0,29
15325,69.71802,59.18947,2352.0,2698.0,12032.0,45192000000.0,0.3333333333333333,0.2962962962962963,0.4126984126984127,1250.0,2075.0,3625.0,1.0,1.0,4
15326,74.09029,60.6502,2400.0,2650.0,13600.0,52460000000.0,0.7272727272727273,0.34782608695652173,0.37209302325581395,926.3888888888889,1331.9444444444443,1186.111111111111,0.7777777777777778,0.0,36
15327,71.67931,68.89198,2352.0,2698.0,12032.0,52600000000.0,0.2857142857142857,0.12962962962962962,0.1746031746031746,1075.0,1818.75,2500.0,1.0,1.0,8
15328,71.67931,68.89198,2352.0,2698.0,12032.0,52600000000.0,0.2857142857142857,0.12962962962962962,0.1746031746031746,1075.0,1818.75,2500.0,1.0,1.0,8
15335,69.51437,56.90437,2400.0,2650.0,13600.0,49220000000.0,0.7272727272727273,0.34782608695652173,0.37209302325581395,929.6875,1373.4375,1221.875,0.75,0.0,32
15340,58.35529,32.67396,2450.0,2450.0,13550.0,26575000000.0,0.42857142857142855,0.15,0.7142857142857143,345.7142857142857,494.2857142857143,522.8571428571429,1.0,0.0,175
15341,84.5985,72.24542,2450.0,2450.0,13550.0,58760000000.0,0.42857142857142855,0.15,0.7142857142857143,327.56052141527005,417.13221601489755,513.780260707635,1.0,0.0,537
15342,79.69262,77.77817,2450.0,2450.0,13550.0,63260000000.0,0.42857142857142855,0.15,0.7142857142857143,323.23390894819465,398.7441130298273,511.6169544740973,1.0,0.0,637
15346,95.92491,84.39142,2480.0,2860.0,12600.0,75420000000.0,0.42857142857142855,0.15,0.7142857142857143,338.98916967509024,465.7039711191336,519.4945848375452,1.0,0.0,554
15349,73.18317,69.4624,1000.0,2330.0,1300.0,2104016000.0,0.3888888888888889,0.6333333333333333,0.34507042253521125,334.11764705882354,408.8235294117647,633.5294117647059,1.0,1.0,17
15355,98.61134,89.12657,2432.0,2698.0,12032.0,70364000000.0,0.8,0.9959100204498977,0.8461538461538461,857.1428571428571,2443.5714285714284,1200.0,1.0,1.0,28
15361,90.51218,70.36417,800.0,2500.0,1200.0,1688740000.0,0.717948717948718,0.7631578947368421,0.9423076923076923,295.0,362.5,496.25,1.0,1.0,32
15363,100.0,40.50446,1000.0,2330.0,1300.0,1226880000.0,1.0,1.0,1.0,720.0,600.0,1420.0,1.0,1.0,2
15364,100.0,40.50446,1000.0,2330.0,1300.0,1226880000.0,1.0,1.0,1.0,720.0,600.0,1420.0,1.0,1.0,2
15372,82.78877,77.81317,800.0,2500.0,1200.0,1867516000.0,0.7,0.6590909090909091,0.8461538461538461,312.85714285714283,344.85714285714283,494.85714285714283,1.0,1.0,35
15374,69.51437,56.90437,2400.0,2650.0,13600.0,49220000000.0,0.7272727272727273,0.34782608695652173,0.37209302325581395,929.6875,1373.4375,1221.875,0.75,0.0,32
15380,78.05612,73.36606,1060.0,2330.0,1360.0,2464313000.0,0.3888888888888889,0.6333333333333333,0.34507042253521125,342.77777777777777,417.77777777777777,670.0,1.0,1.0,18
15386,80.2589,34.1,800.0,2000.0,1200.0,654720000.0,1.0,1.0,1.0,240.0,100.0,310.0,1.0,0.0,88
15388,78.05612,73.36606,1060.0,2330.0,1360.0,2464313000.0,0.3888888888888889,0.6333333333333333,0.34507042253521125,342.77777777777777,417.77777777777777,670.0,1.0,1.0,18
15389,85.90096,73.36606,1060.0,2330.0,1360.0,2464313000.0,0.3888888888888889,0.6333333333333333,0.34507042253521125,342.77777777777777,417.77777777777777,670.0,1.0,1.0,18
15391,78.5185,77.49435,1000.0,2300.0,1300.0,2317081000.0,0.3888888888888889,0.6333333333333333,0.34507042253521125,344.11764705882354,417.05882352941177,646.4705882352941,1.0,1.0,17
15398,83.38114,30.06953,2490.0,2590.0,13490.0,26160000000.0,0.3333333333333333,0.2857142857142857,0.16666666666666666,742.8571428571429,814.2857142857143,3642.8571428571427,1.0,1.0,14
15399,58.33333,42.48356,2490.0,2590.0,13490.0,36960000000.0,0.3333333333333333,0.2,0.16666666666666666,742.8571428571429,1028.5714285714287,3642.8571428571427,1.0,1.0,14
15400,59.79027,51.89344,2400.0,2650.0,13600.0,44885750000.0,0.5333333333333333,0.34782608695652173,0.3076923076923077,975.0,1438.4615384615386,1203.8461538461538,0.7692307692307693,0.0,26
15402,84.94123,83.38397,800.0,1800.0,1200.0,1440875039.0,0.03,0.2033898305084746,0.23002421307506055,190.47826086956522,155.45652173913044,383.5217391304348,1.0,1.0,92
15403,84.94123,83.38397,800.0,1800.0,1200.0,1440875039.0,0.03,0.2033898305084746,0.23002421307506055,190.47826086956522,155.45652173913044,383.5217391304348,1.0,1.0,92
15404,65.63224,60.81921,800.0,1800.0,1200.0,1050955899.0,0.03,0.2033898305084746,0.2375,173.34883720930233,152.69767441860466,356.7674418604651,1.0,1.0,86
15405,56.27628,54.02523,800.0,1800.0,1200.0,933555899.0,0.05,0.2033898305084746,0.24675324675324675,166.21176470588236,151.78823529411764,352.7294117647059,1.0,0.0,85
15406,82.13504,82.13504,800.0,1800.0,1200.0,1419293479.0,0.03,0.2033898305084746,0.23002421307506055,194.6818181818182,156.02272727272728,383.45454545454544,1.0,0.0,88
15407,97.32179,11.13453,2480.0,2860.0,13600.0,10740600000.0,1.0,1.0,1.0,459.0,600.0,500.0,1.0,1.0,78
15408,64.37381,40.51499,2480.0,2860.0,13600.0,39081600000.0,0.918,0.8955223880597015,0.5555555555555556,481.40697674418607,638.2558139534884,718.6046511627907,1.0,1.0,172
15411,44.59464,27.12824,2480.0,2650.0,13600.0,24247000000.0,0.7727272727272727,0.41304347826086957,0.5666666666666667,947.0588235294117,1373.5294117647059,1111.764705882353,0.0,0.0,17
15412,57.63234,50.02052,2400.0,2650.0,13600.0,43265750000.0,0.5333333333333333,0.34782608695652173,0.3076923076923077,981.25,1475.0,1229.1666666666667,0.75,0.0,24
15421,39.97507,27.92807,2480.0,2860.0,13600.0,26940000000.0,0.8,0.375,0.4166666666666667,897.4358974358975,530.7692307692307,1317.948717948718,0.6666666666666666,0.6666666666666666,39
15428,70.3125,57.10016,2480.0,2860.0,13600.0,55080000000.0,1.0,0.25,0.25,300.0,750.0,750.0,1.0,0.5,240
15429,70.83333,57.10016,2480.0,2860.0,13600.0,55080000000.0,1.0,0.25,0.25,300.0,750.0,750.0,1.0,0.5,240
15432,75.26185,46.68379,2480.0,2860.0,13600.0,45032154000.0,0.975609756097561,0.33755274261603374,0.3157894736842105,1217.0,1969.0,1930.0,1.0,0.0,10
15433,75.26185,46.68379,2480.0,2860.0,13600.0,45032154000.0,0.975609756097561,0.33755274261603374,0.3157894736842105,1217.0,1969.0,1930.0,1.0,0.0,10
15435,85.31912,46.68379,2480.0,2860.0,13600.0,45032154000.0,0.975609756097561,0.33755274261603374,0.3157894736842105,1217.0,1969.0,1930.0,0.1,0.0,10
15437,85.31912,46.68379,2480.0,2860.0,13600.0,45032154000.0,0.975609756097561,0.33755274261603374,0.3157894736842105,1217.0,1969.0,1930.0,0.1,0.0,10
15440,91.54018,58.56268,2210.0,1960.0,4850.0,12303000000.0,0.375,0.125,0.5217391304347826,737.5,1512.5,1387.5,0.0,1.0,8
15442,30.90353,30.27285,2300.0,2450.0,8000.0,13647000000.0,0.375,0.125,0.5217391304347826,744.4444444444445,1500.0,1366.6666666666667,0.0,0.7777777777777778,9
15443,30.90353,30.27285,2300.0,2450.0,8000.0,13647000000.0,0.375,0.125,0.5217391304347826,744.4444444444445,1500.0,1366.6666666666667,0.0,0.6666666666666666,9
15444,47.24321,46.27906,2300.0,2450.0,8000.0,20862600000.0,0.2222222222222222,0.08333333333333333,0.2,668.75,1221.25,1625.0,0.0,0.75,16
15445,45.88342,44.94703,2350.0,2450.0,8000.0,20702600000.0,0.2222222222222222,0.08333333333333333,0.34782608695652173,700.0,1289.3333333333333,1466.6666666666667,0.0,0.8,15
15449,35.04518,5.48432,2480.0,2650.0,13600.0,4901840000.0,0.09523809523809523,0.0851063829787234,0.3333333333333333,517.7777777777778,454.44444444444446,2146.6666666666665,0.0,0.0,9
15450,74.73759,64.06673,800.0,1800.0,1200.0,1107073010.0,0.17543859649122806,0.1125,0.1415929203539823,237.06849315068493,196.72602739726028,322.8082191780822,1.0,0.0,73
15451,67.08558,64.06673,800.0,1800.0,1200.0,1107073010.0,0.17543859649122806,0.1125,0.1415929203539823,237.06849315068493,196.72602739726028,322.8082191780822,1.0,1.0,73
15452,66.73617,64.06673,800.0,1800.0,1200.0,1107073010.0,0.17543859649122806,0.1125,0.1415929203539823,237.06849315068493,196.72602739726028,322.8082191780822,1.0,1.0,73
15453,64.10234,64.06673,800.0,1800.0,1200.0,1107073010.0,0.17543859649122806,0.1125,0.1415929203539823,237.06849315068493,196.72602739726028,322.8082191780822,1.0,0.0,73
15454,65.30465,64.2888,800.0,1800.0,1200.0,1110910433.0,0.1937984496124031,0.27548209366391185,0.2,208.78048780487805,200.1219512195122,325.0731707317073,1.0,0.0,82
15455,69.58499,64.2888,800.0,1800.0,1200.0,1110910433.0,0.1937984496124031,0.27548209366391185,0.2,208.78048780487805,200.1219512195122,325.0731707317073,1.0,1.0,82
15456,64.36031,64.2888,800.0,1800.0,1200.0,1110910433.0,0.1937984496124031,0.27548209366391185,0.2,208.78048780487805,200.1219512195122,325.0731707317073,1.0,1.0,82
15457,65.60081,64.2888,800.0,1800.0,1200.0,1110910433.0,0.1937984496124031,0.27548209366391185,0.2,208.78048780487805,200.1219512195122,325.0731707317073,1.0,1.0,82
15458,68.03047,64.2888,800.0,1800.0,1200.0,1110910433.0,0.1937984496124031,0.27548209366391185,0.2,208.78048780487805,200.1219512195122,325.0731707317073,1.0,1.0,82
15464,84.17817,68.56407,2352.0,2698.0,12032.0,52349634000.0,0.7845868152274837,0.7828655834564254,0.9130434782608695,1922.0,1207.0,220.0,1.0,0.5,100
15466,84.17817,68.56407,2352.0,2698.0,12032.0,52349634000.0,0.7845868152274837,0.7828655834564254,0.9130434782608695,1922.0,1207.0,220.0,1.0,0.0,100
15467,100.0,72.45,800.0,2000.0,1200.0,1391040000.0,1.0,1.0,1.0,210.0,1150.0,1920.0,1.0,1.0,3
15469,70.58244,65.09269,800.0,1800.0,1200.0,1124801725.0,0.23,0.1380952380952381,0.21875,235.11864406779662,202.10169491525423,356.66101694915255,1.0,0.0,59
15481,70.49989,42.56597,2480.0,2650.0,13600.0,38045125000.0,0.024509803921568627,0.03125,0.1707920792079208,716.0,604.0,2041.3333333333333,0.0,0.0,15
15482,72.2806,65.09269,800.0,1800.0,1200.0,1124801725.0,0.23,0.1380952380952381,0.21875,235.11864406779662,202.10169491525423,356.66101694915255,1.0,0.0,59
15483,70.49989,42.56597,2480.0,2650.0,13600.0,38045125000.0,0.024509803921568627,0.03125,0.1707920792079208,716.0,604.0,2041.3333333333333,0.0,0.0,15
15485,70.83333,57.10016,2480.0,2860.0,13600.0,55080000000.0,1.0,0.25,0.25,300.0,750.0,750.0,1.0,0.5,240
15486,64.10234,64.06673,800.0,1800.0,1200.0,1107073010.0,0.17543859649122806,0.1125,0.1415929203539823,237.06849315068493,196.72602739726028,322.8082191780822,1.0,0.0,73
15487,74.73759,64.06673,800.0,1800.0,1200.0,1107073010.0,0.17543859649122806,0.1125,0.1415929203539823,237.06849315068493,196.72602739726028,322.8082191780822,1.0,0.0,73
15489,87.04632,52.2846,3800.0,4500.0,13600.0,121593073000.0,0.7405247813411079,0.4186046511627907,0.2311191992720655,2985.0,2135.0,6765.0,0.0,0.0,2
15490,100.0,23.02181,2352.0,2393.0,12032.0,15590400000.0,1.0,1.0,1.0,1450.0,960.0,2800.0,1.0,1.0,4
15503,91.72142,68.87481,2480.0,2650.0,13600.0,61559750000.0,0.35555555555555557,0.3333333333333333,0.5529411764705883,1887.5,1750.0,3775.0,0.0,0.0,4
15504,99.43182,98.4375,800.0,2000.0,1200.0,1890000000.0,0.6666666666666666,0.6,0.625,272.72727272727275,267.27272727272725,359.09090909090907,1.0,0.0,66
15508,80.55179,80.55179,1010.0,2330.0,1300.0,2464313000.0,0.3888888888888889,0.6333333333333333,0.34507042253521125,342.77777777777777,417.77777777777777,670.0,1.0,1.0,18
15509,82.25598,82.25598,1010.0,2330.0,1300.0,2516449000.0,0.3888888888888889,0.6333333333333333,0.34507042253521125,339.4736842105263,415.7894736842105,660.5263157894736,1.0,1.0,19
15510,73.18317,69.4624,1000.0,2330.0,1300.0,2104016000.0,0.3888888888888889,0.6333333333333333,0.34507042253521125,334.11764705882354,408.8235294117647,633.5294117647059,1.0,1.0,17
15515,78.05612,73.36606,1060.0,2330.0,1360.0,2464313000.0,0.3888888888888889,0.6333333333333333,0.34507042253521125,342.77777777777777,417.77777777777777,670.0,1.0,1.0,18
15518,78.05612,73.36606,1060.0,2330.0,1360.0,2464313000.0,0.3888888888888889,0.6333333333333333,0.34507042253521125,342.77777777777777,417.77777777777777,670.0,1.0,1.0,18
15519,85.90096,73.36606,1060.0,2330.0,1360.0,2464313000.0,0.3888888888888889,0.6333333333333333,0.34507042253521125,342.77777777777777,417.77777777777777,670.0,1.0,1.0,18
15523,82.7784,82.41849,1000.0,2300.0,1300.0,2464313000.0,0.3888888888888889,0.6333333333333333,0.34507042253521125,342.77777777777777,417.77777777777777,670.0,1.0,1.0,18
15529,80.55179,80.55179,1010.0,2330.0,1300.0,2464313000.0,0.3888888888888889,0.6333333333333333,0.34507042253521125,342.77777777777777,417.77777777777777,670.0,1.0,1.0,18
15530,82.25598,82.25598,1010.0,2330.0,1300.0,2516449000.0,0.3888888888888889,0.6333333333333333,0.34507042253521125,339.4736842105263,415.7894736842105,660.5263157894736,1.0,1.0,19
15535,82.78877,77.81317,800.0,2500.0,1200.0,1867516000.0,0.7,0.6590909090909091,0.8461538461538461,312.85714285714283,344.85714285714283,494.85714285714283,1.0,1.0,35
15536,85.90211,85.5585,800.0,2500.0,1200.0,2053404000.0,0.3888888888888889,0.48333333333333334,0.30985915492957744,424.2857142857143,410.0,618.5714285714286,1.0,1.0,14
15537,92.87483,92.13183,800.0,2500.0,1200.0,2211164000.0,0.3888888888888889,0.5166666666666667,0.34507042253521125,460.0,426.0,834.0,1.0,1.0,10
15543,83.33333,13.70889,2210.0,1960.0,4850.0,2880000000.0,1.0,1.0,1.0,600.0,600.0,800.0,1.0,1.0,10
15545,89.19587,70.54445,2480.0,2860.0,13600.0,68048646000.0,0.6504065040650406,0.33755274261603374,0.3157894736842105,1034.375,2119.375,2005.0,0.0625,0.0,16
15547,88.84919,70.27026,2480.0,2860.0,13600.0,67784154000.0,0.6504065040650406,0.33755274261603374,0.3157894736842105,1060.625,2119.375,1956.25,0.0625,0.0,16
15558,86.35644,71.78947,800.0,950.0,1200.0,654720000.0,1.0,1.0,1.0,240.0,100.0,310.0,1.0,0.0,88
15567,74.73759,64.06673,800.0,1800.0,1200.0,1107073010.0,0.17543859649122806,0.1125,0.1415929203539823,237.06849315068493,196.72602739726028,322.8082191780822,1.0,0.0,73
15568,68.07583,61.30606,800.0,1800.0,1200.0,1059368791.0,0.196,0.1380952380952381,0.15,239.44,223.2,346.3,1.0,0.0,50
15569,93.47357,73.92766,2480.0,2860.0,13600.0,71312154000.0,0.6504065040650406,0.9704641350210971,0.32105263157894737,1040.7142857142858,2365.0,2064.285714285714,0.07142857142857142,0.0,14
15571,69.12774,64.2888,800.0,1800.0,1200.0,1110910433.0,0.1937984496124031,0.27548209366391185,0.2,208.78048780487805,200.1219512195122,325.0731707317073,1.0,0.0,82
15573,93.47357,73.92766,2480.0,2860.0,13600.0,71312154000.0,0.6504065040650406,0.9704641350210971,0.32105263157894737,1040.7142857142858,2365.0,2064.285714285714,0.0,0.0,14
15575,89.11539,72.10979,2480.0,2860.0,13600.0,69558600000.0,0.6504065040650406,0.8649789029535865,0.32105263157894737,1092.3076923076924,2315.3846153846152,2126.153846153846,0.0,0.0,13
15581,89.6649,89.6649,800.0,2000.0,1200.0,1721566000.0,0.34375,0.4473684210526316,0.3235294117647059,180.08849557522123,218.8053097345133,242.30088495575222,1.0,1.0,226
15585,69.07196,43.84379,2490.0,2590.0,13490.0,38143379000.0,0.1762114537444934,0.2616279069767442,0.09487666034155598,1047.5,851.25,1980.0,0.0,0.0,8
15592,91.01151,75.2907,2480.0,2860.0,13600.0,72626978264.0,0.02868217054263566,0.004048582995951417,0.014736842105263158,954.1875,1757.0,1633.0625,0.0,0.0,16
15593,46.06144,19.08094,2359.0,2700.0,12022.0,14610606000.0,0.918918918918919,0.7218045112781954,0.9444444444444444,687.8260869565217,1290.0,715.2173913043479,0.0,0.0,23
15598,85.99415,73.57107,2352.0,2393.0,12032.0,49822430000.0,0.44541484716157204,0.40930232558139534,0.23711340206185566,1655.0,1515.0,6000.0,1.0,1.0,2
15600,100.0,17.52462,2480.0,2700.0,5800.0,6806000000.0,1.0,1.0,1.0,820.0,830.0,1250.0,0.0,0.0,8
15602,87.57839,32.43181,2480.0,2860.0,13600.0,31284402450.0,0.0680327868852459,0.06147540983606557,0.06966666666666667,847.5,797.8333333333334,3828.0,0.0,0.0,6
15603,87.57839,32.43181,2480.0,2860.0,13600.0,31284402450.0,0.0680327868852459,0.06147540983606557,0.06966666666666667,847.5,797.8333333333334,3828.0,0.0,0.0,6
15605,100.0,93.0,800.0,2000.0,1200.0,1785600000.0,1.0,1.0,1.0,300.0,310.0,200.0,1.0,1.0,96
15611,100.0,40.50446,1000.0,2330.0,1300.0,1226880000.0,1.0,1.0,1.0,720.0,600.0,1420.0,1.0,1.0,2
15612,91.01564,83.41583,800.0,2500.0,1200.0,2001980000.0,0.7,0.6590909090909091,0.8461538461538461,308.2857142857143,386.0,481.14285714285717,1.0,1.0,35
15613,91.01564,83.41583,800.0,2500.0,1200.0,2001980000.0,0.7,0.6590909090909091,0.8461538461538461,308.2857142857143,386.0,481.14285714285717,1.0,1.0,35
15620,100.0,40.50446,1000.0,2330.0,1300.0,1226880000.0,1.0,1.0,1.0,720.0,600.0,1420.0,1.0,1.0,2
15621,100.0,40.50446,1000.0,2330.0,1300.0,1226880000.0,1.0,1.0,1.0,720.0,600.0,1420.0,1.0,1.0,2
15622,93.33333,50.58303,1000.0,2330.0,1300.0,1532160000.0,0.6666666666666666,0.8833333333333333,0.8450704225352113,640.0,576.6666666666666,1346.6666666666667,1.0,1.0,3
15623,93.33333,50.58303,1000.0,2330.0,1300.0,1532160000.0,0.6666666666666666,0.8833333333333333,0.8450704225352113,640.0,576.6666666666666,1346.6666666666667,1.0,1.0,3
15624,89.60319,45.38498,1000.0,2330.0,1100.0,1163217000.0,0.45977011494252873,0.8301886792452831,0.3120567375886525,510.0,472.0,786.0,1.0,1.0,5
15625,93.80042,54.43777,1000.0,2330.0,1100.0,1395240000.0,0.9090909090909091,0.9361702127659575,0.9777777777777777,425.0,458.75,446.25,1.0,1.0,16
15628,85.90211,85.5585,800.0,2500.0,1200.0,2053404000.0,0.3888888888888889,0.48333333333333334,0.30985915492957744,424.2857142857143,410.0,618.5714285714286,1.0,1.0,14
15660,100.0,70.0,500.0,450.0,600.0,94500000.0,1.0,1.0,1.0,200.0,15.0,350.0,1.0,0.0,90
15720,100.0,66.66667,500.0,450.0,600.0,90000000.0,1.0,1.0,1.0,400.0,30.0,500.0,1.0,0.0,15
15762,81.90553,65.18568,1000.0,2330.0,1100.0,1670709000.0,0.3333333333333333,0.5576923076923077,0.3120567375886525,460.0,466.6666666666667,562.5,1.0,1.0,12
15785,64.4102,61.83379,1000.0,2330.0,1100.0,1584800000.0,0.8636363636363636,0.7692307692307693,0.5945945945945946,417.85714285714283,452.14285714285717,608.5714285714286,1.0,1.0,14
15792,69.76986,63.90919,800.0,2500.0,1202.0,1536377000.0,0.3218390804597701,0.5686274509803921,0.3120567375886525,371.25,356.875,567.5,1.0,1.0,16
15796,73.23593,63.13669,800.0,2500.0,1210.0,1527908000.0,0.6511627906976745,0.5576923076923077,0.5945945945945946,353.1578947368421,362.10526315789474,592.1052631578947,1.0,1.0,19
15798,69.55128,65.19313,800.0,2330.0,1200.0,1458240000.0,0.6511627906976745,0.5576923076923077,0.5945945945945946,347.36842105263156,353.6842105263158,586.3157894736842,1.0,1.0,19
15823,69.88614,64.01571,800.0,2500.0,1200.0,1536377000.0,0.3218390804597701,0.5686274509803921,0.3120567375886525,371.25,356.875,567.5,1.0,1.0,16
15828,69.76986,63.90919,800.0,2500.0,1202.0,1536377000.0,0.3218390804597701,0.5686274509803921,0.3120567375886525,371.25,356.875,567.5,1.0,1.0,16
15832,81.90553,65.18568,1000.0,2330.0,1100.0,1670709000.0,0.3333333333333333,0.5576923076923077,0.3120567375886525,460.0,466.6666666666667,562.5,1.0,1.0,12
15834,69.55128,65.19313,800.0,2330.0,1200.0,1458240000.0,0.6511627906976745,0.5576923076923077,0.5945945945945946,347.36842105263156,353.6842105263158,586.3157894736842,1.0,1.0,19
15915,70.58244,65.09269,800.0,1800.0,1200.0,1124801725.0,0.23,0.1380952380952381,0.21875,235.11864406779662,202.10169491525423,356.66101694915255,1.0,0.0,59
15916,72.2806,65.09269,800.0,1800.0,1200.0,1124801725.0,0.23,0.1380952380952381,0.21875,235.11864406779662,202.10169491525423,356.66101694915255,1.0,0.0,59
15923,83.43882,13.12018,2480.0,2860.0,13600.0,12656000000.0,1.0,0.33755274261603374,1.0,800.0,1977.5,2000.0,0.0,0.0,4
15927,72.31059,11.29115,2490.0,2590.0,13490.0,9823115000.0,0.7043478260869566,0.42780748663101603,0.6206896551724138,1020.0,1412.0,1312.0,0.0,1.0,5
15929,59.05741,19.42135,2480.0,2860.0,13600.0,18734240000.0,0.6557377049180327,0.19230769230769232,0.6,977.1428571428571,1715.7142857142858,1662.857142857143,0.0,0.0,7
15939,59.05741,19.42135,2480.0,2860.0,13600.0,18734240000.0,0.6557377049180327,0.19230769230769232,0.6,977.1428571428571,1715.7142857142858,1662.857142857143,0.42857142857142855,0.0,7
15941,76.83394,68.20553,2480.0,2860.0,13600.0,65792470000.0,0.6504065040650406,0.3076923076923077,0.61,1135.2631578947369,2225.7894736842104,1417.3684210526317,0.05263157894736842,0.0,19
15948,54.19568,47.45025,2480.0,2860.0,13600.0,45771500000.0,0.34782608695652173,0.04,0.4444444444444444,1354.1666666666667,1150.0,1566.6666666666667,0.5,1.0,12
15950,57.26473,50.13732,2480.0,2860.0,13600.0,48363500000.0,0.34782608695652173,0.4,0.4444444444444444,1354.1666666666667,1375.0,1566.6666666666667,0.5,1.0,12
15967,92.67677,67.88753,2400.0,2650.0,13600.0,58720000000.0,0.6666666666666666,0.1,0.5,921.7391304347826,1895.6521739130435,1417.391304347826,0.0,0.0,23
15968,96.81373,73.06696,2400.0,2650.0,13600.0,63200000000.0,0.6666666666666666,1.0,0.75,947.8260869565217,2000.0,1434.7826086956522,0.0,0.0,23
15973,64.54621,35.88683,800.0,2500.0,1200.0,861284000.0,0.6222222222222222,0.5576923076923077,0.5945945945945946,381.0,392.0,569.0,1.0,1.0,10
15975,79.66252,76.79467,800.0,2500.0,1200.0,1843072000.0,0.5833333333333334,0.5849056603773585,0.36666666666666664,385.0,425.0,784.2857142857143,1.0,0.0,14
15977,69.18857,5.32294,2490.0,2590.0,13490.0,4630874000.0,0.2857142857142857,0.48333333333333334,0.2716049382716049,462.5,449.5,924.0,1.0,0.0,20
15978,37.71856,6.06521,2352.0,2698.0,12032.0,4630874000.0,0.2857142857142857,0.48333333333333334,0.2716049382716049,462.5,449.5,924.0,1.0,0.0,20
15980,46.93645,26.7479,1978.0,2100.0,4168.0,4630874000.0,0.2857142857142857,0.48333333333333334,0.2716049382716049,462.5,449.5,924.0,1.0,0.0,20
15983,40.03403,26.7479,1978.0,2100.0,4168.0,4630874000.0,0.2857142857142857,0.48333333333333334,0.2716049382716049,462.5,449.5,924.0,1.0,1.0,20
15988,91.17647,68.81243,2400.0,2650.0,13600.0,59520000000.0,0.6666666666666666,1.0,0.75,927.2727272727273,2000.0,1436.3636363636363,0.0,0.0,22
15999,56.27605,47.63064,800.0,2000.0,1200.0,914508250.0,0.45454545454545453,0.4262295081967213,0.6,528.7037037037037,1552.7777777777778,42.22222222222222,0.0,0.0,27
16003,74.23567,67.92564,800.0,2000.0,1200.0,1304172250.0,0.45454545454545453,0.4262295081967213,0.6,481.22222222222223,1635.6666666666667,37.333333333333336,0.0,0.0,45
16004,18.68839,16.2856,1978.0,2100.0,4168.0,2819532250.0,0.45454545454545453,0.4262295081967213,0.6,437.8695652173913,1711.3478260869565,32.869565217391305,0.0,0.0,115
16011,73.23586,29.29434,2420.0,2500.0,6500.0,11520000000.0,1.0,1.0,1.0,800.0,1000.0,1200.0,0.0,0.0,12
16014,56.32671,9.1471,2359.0,2700.0,12022.0,7004092000.0,0.5276595744680851,0.5681818181818182,0.6285714285714286,1523.9583333333333,361.0416666666667,257.7083333333333,1.0,0.0,48
16017,90.36545,66.65033,2450.0,2650.0,8800.0,38080000000.0,0.6666666666666666,1.0,0.75,850.0,2000.0,1387.5,0.0,0.0,16
16018,88.0,66.41509,2450.0,2650.0,8000.0,34496000000.0,0.6666666666666666,0.7,0.5,853.3333333333334,1960.0,1346.6666666666667,0.0,0.0,15
16019,88.0,66.41509,2450.0,2650.0,8000.0,34496000000.0,0.6666666666666666,0.7,0.5,853.3333333333334,1960.0,1346.6666666666667,0.0,0.0,15
16026,82.45321,59.20694,2480.0,2860.0,13600.0,57112250000.0,0.7872340425531915,0.6086956521739131,0.5227272727272727,2093.75,1943.75,1687.5,0.0,1.0,8
16036,55.77287,10.06973,2490.0,2590.0,13490.0,8760496000.0,0.37300177619893427,0.5543478260869565,0.5277777777777778,295.7464788732394,322.84507042253523,235.6338028169014,1.0,1.0,355
16037,32.98673,30.68663,1978.0,2100.0,3089.0,3937428000.0,0.7,0.7103064066852368,0.6785714285714286,270.0925925925926,318.05555555555554,217.22222222222223,1.0,1.0,216
16043,64.23543,10.06973,2490.0,2590.0,13490.0,8760496000.0,0.37300177619893427,0.5543478260869565,0.5277777777777778,295.7464788732394,322.84507042253523,235.6338028169014,1.0,1.0,355
16047,87.94805,16.04728,800.0,2000.0,1200.0,308107800.0,1.0,1.0,1.0,210.0,10.0,297.0,1.0,1.0,494
16048,94.35143,43.659,800.0,2000.0,1200.0,838252800.0,1.0,1.0,1.0,210.0,10.0,297.0,1.0,1.0,1344
16050,87.64017,58.73029,2490.0,2590.0,13490.0,51094392000.0,0.222,0.18518518518518517,0.63,747.6756756756756,121.35135135135135,440.0,1.0,1.0,2220
16060,64.74352,50.63045,2352.0,2698.0,12032.0,38657063000.0,0.135,0.116,0.14084507042253522,1106.6666666666667,1263.3333333333333,2386.6666666666665,1.0,1.0,12
16066,97.87578,13.06481,2282.0,2494.0,5000.0,3717792000.0,0.34210526315789475,0.05714285714285714,0.5647058823529412,576.6666666666666,322.5,748.3333333333334,0.0,1.0,24
16067,57.98934,41.8714,2352.0,2393.0,5898.0,13899600000.0,1.0,1.0,1.0,1200.0,30.0,3300.0,1.0,1.0,117
16068,81.08839,44.70458,2352.0,2393.0,5898.0,14840100000.0,0.4166666666666667,1.0,1.0,1102.2058823529412,30.0,3300.0,1.0,1.0,136
16069,97.13501,77.02018,2352.0,2698.0,12032.0,58806000000.0,0.23076923076923078,0.3333333333333333,1.0,835.7142857142857,175.0,3300.0,1.0,1.0,168
16070,99.62193,52.38896,2352.0,2393.0,5898.0,17391000000.0,0.23076923076923078,0.3333333333333333,1.0,408.7719298245614,271.9298245614035,3300.0,1.0,1.0,57
16072,97.13501,77.02018,2352.0,2698.0,12032.0,58806000000.0,0.23076923076923078,0.3333333333333333,1.0,835.7142857142857,175.0,3300.0,1.0,1.0,168
16073,97.13501,77.02018,2352.0,2698.0,12032.0,58806000000.0,0.23076923076923078,0.3333333333333333,1.0,835.7142857142857,175.0,3300.0,1.0,1.0,168
16074,97.13501,77.02018,2352.0,2698.0,12032.0,58806000000.0,0.23076923076923078,0.3333333333333333,1.0,835.7142857142857,175.0,3300.0,1.0,1.0,168
16079,93.01223,56.26156,2400.0,2650.0,13600.0,48664000000.0,0.6666666666666666,0.95,0.5714285714285714,880.0,1916.6666666666667,946.6666666666666,0.0,0.0,30
16088,77.57774,33.9595,2480.0,2860.0,13600.0,32758040000.0,0.6557377049180327,0.19230769230769232,0.61,884.0,2069.0,1844.0,0.0,0.0,10
16092,76.84743,66.73258,2480.0,2860.0,13600.0,64371630000.0,0.6504065040650406,0.38461538461538464,0.61,1035.0,2278.3333333333335,1591.6666666666667,0.0,0.0,18
16098,67.9907,58.4876,2480.0,2860.0,13600.0,56418360000.0,0.6504065040650406,0.38461538461538464,0.61,1012.5,2246.875,1628.75,0.0,0.0,16
16106,72.23311,36.12149,2120.0,2070.0,3700.0,5865076000.0,0.9285714285714286,0.7285714285714285,0.6785714285714286,279.74603174603175,348.7936507936508,191.14285714285714,1.0,0.0,315
16124,75.1503,65.04189,2480.0,2860.0,13600.0,62740760000.0,0.6557377049180327,0.19230769230769232,0.61,1033.3333333333333,2216.1111111111113,1593.3333333333333,0.5,0.0,18
16130,75.16324,65.05309,2480.0,2860.0,13600.0,62751564500.0,0.0860655737704918,0.04038461538461539,0.07,773.4,1625.0,1186.4,0.64,0.0,25
16131,82.71199,64.16595,2352.0,2385.0,12032.0,43308000000.0,0.5,0.75,0.6,513.8513513513514,327.7027027027027,428.7162162162162,1.0,0.0,592
16137,49.34629,26.71115,2352.0,2393.0,5898.0,8867015000.0,0.08108108108108109,0.46875,0.5236051502145923,818.0,950.0,1814.0,0.0,0.0,5
16140,52.19922,38.59184,2432.0,2698.0,12032.0,30467642000.0,0.12307692307692308,0.175,0.049372384937238493,972.0,1154.0,2477.0,0.0,0.0,10
16143,94.64286,19.63145,2352.0,2385.0,12032.0,13250000000.0,1.0,1.0,1.0,500.0,1000.0,500.0,0.0,0.0,53
16144,77.83743,67.36758,2480.0,2860.0,13600.0,64984164500.0,0.0860655737704918,0.04038461538461539,0.07,790.5769230769231,1620.1923076923076,1187.6923076923076,0.6538461538461539,0.0,26
16146,59.31931,46.39305,2480.0,2860.0,13600.0,44751702000.0,0.011627906976744186,0.006382978723404255,0.926829268292683,29.708404802744425,41.303602058319036,2399.1766723842197,1.0,0.0,583
16148,59.31931,46.39305,2480.0,2860.0,13600.0,44751702000.0,0.011627906976744186,0.006382978723404255,0.926829268292683,29.708404802744425,41.303602058319036,2399.1766723842197,1.0,0.9879931389365352,583
16159,19.32758,15.49953,2480.0,2860.0,13600.0,14951169841.0,0.008661417322834646,0.004700854700854701,0.003648424543946932,19.867697594501717,23.436426116838486,2389.319587628866,0.001718213058419244,0.001718213058419244,582
16162,19.32758,15.49953,2480.0,2860.0,13600.0,14951169841.0,0.008661417322834646,0.004700854700854701,0.003648424543946932,19.867697594501717,23.436426116838486,2389.319587628866,0.001718213058419244,0.001718213058419244,582
16166,85.14261,67.58748,2490.0,2590.0,13490.0,58800000000.0,1.0,1.0,1.0,1000.0,2450.0,1200.0,0.0,0.0,20
16174,45.57738,38.51919,2480.0,2860.0,13600.0,37156409704.0,0.011627906976744186,0.00641025641025641,0.024739583333333332,32.33977455716586,38.4975845410628,2366.1529790660225,0.9919484702093397,0.0,621
16176,39.69315,39.32862,2480.0,2860.0,13600.0,37937209704.0,0.011627906976744186,0.00641025641025641,0.024739583333333332,34.249196141479096,39.239549839228296,2364.406752411576,1.0,0.0,622
16178,45.57738,38.51919,2480.0,2860.0,13600.0,37156409704.0,0.011627906976744186,0.00641025641025641,0.024739583333333332,32.33977455716586,38.4975845410628,2366.1529790660225,0.9919484702093397,0.0,621
16179,94.98723,23.44868,2040.0,2674.0,8880.0,11358550000.0,1.0,1.0,1.0,460.0,830.0,1750.0,1.0,1.0,17
16180,72.1063,27.30592,1978.0,2100.0,4168.0,4727483600.0,0.8260869565217391,0.9880952380952381,0.09028571428571429,450.0,831.25,1551.0,1.0,1.0,8
16181,63.5741,34.94789,2480.0,2860.0,13600.0,33711465200.0,0.35185185185185186,0.77,0.08061224489795918,680.625,866.25,1663.3125,1.0,0.0,32
16183,83.807,63.90284,2400.0,2300.0,6120.0,21587913200.0,0.35185185185185186,0.83,0.08061224489795918,574.1666666666666,865.0,1661.0833333333333,1.0,0.0,24
16184,63.5741,34.94789,2480.0,2860.0,13600.0,33711465200.0,0.35185185185185186,0.77,0.08061224489795918,680.625,866.25,1663.3125,1.0,0.0,32
16218,45.57738,38.51919,2480.0,2860.0,13600.0,37156409704.0,0.011627906976744186,0.00641025641025641,0.024739583333333332,32.33977455716586,38.4975845410628,2366.1529790660225,0.9919484702093397,0.0,621
16220,39.69315,39.32862,2480.0,2860.0,13600.0,37937209704.0,0.011627906976744186,0.00641025641025641,0.024739583333333332,34.249196141479096,39.239549839228296,2364.406752411576,1.0,0.0,622
16222,45.57738,38.51919,2480.0,2860.0,13600.0,37156409704.0,0.011627906976744186,0.00641025641025641,0.024739583333333332,32.33977455716586,38.4975845410628,2366.1529790660225,0.9919484702093397,0.0,621
16244,78.91708,38.23124,2480.0,2860.0,13600.0,36878648000.0,1.0,0.20833333333333334,0.5614035087719298,1220.0,2075.714285714286,1994.2857142857142,0.0,0.0,7
16245,90.61593,74.14373,2480.0,2860.0,13600.0,71520587704.0,0.011627906976744186,0.00641025641025641,0.024739583333333332,42.353035143769965,56.62460063897763,2365.752396166134,0.9840255591054313,0.0,626
16248,14.9335,9.52026,1978.0,2100.0,4168.0,1648246000.0,0.8307692307692308,0.12903225806451613,0.4326923076923077,587.5,906.25,805.0,0.0,0.0,4
16249,11.97505,11.49308,2400.0,1615.0,3700.0,1648246000.0,0.8307692307692308,0.12903225806451613,0.4326923076923077,587.5,906.25,805.0,0.0,0.0,4
16251,50.05701,6.00489,2600.0,2650.0,9700.0,4013246000.0,0.4909090909090909,0.09302325581395349,0.4326923076923077,690.0,1155.0,844.0,0.0,0.0,5
16258,32.71058,17.28106,2480.0,2650.0,13600.0,15445673640.0,0.438,0.05142857142857143,0.219,418.9012345679012,719.4074074074074,751.6666666666666,0.0,0.0,81
16259,67.60336,37.25215,2480.0,2650.0,13600.0,33295673640.0,0.438,0.05142857142857143,0.219,457.06535947712416,615.5032679738562,865.9150326797386,0.8169934640522876,0.0,153
16304,67.13935,60.97664,2352.0,2393.0,5898.0,20241760000.0,0.7894736842105263,0.9459459459459459,0.9285714285714286,685.3333333333334,721.3333333333334,1353.3333333333333,1.0,0.0,30
16305,50.1386,29.89031,2352.0,2393.0,12032.0,20241760000.0,0.7894736842105263,0.9459459459459459,0.9285714285714286,685.3333333333334,721.3333333333334,1353.3333333333333,1.0,0.0,30
16306,51.57113,29.89031,2352.0,2393.0,12032.0,20241760000.0,0.7894736842105263,0.9459459459459459,0.9285714285714286,685.3333333333334,721.3333333333334,1353.3333333333333,0.4666666666666667,0.0,30
16312,73.3037,59.77322,2432.0,2698.0,12032.0,47190000000.0,1.0,1.0,1.0,1100.0,1100.0,3000.0,1.0,0.0,13
16315,100.0,96.40054,1000.0,2300.0,1300.0,2882376000.0,1.0,1.0,1.0,490.0,570.0,1290.0,1.0,0.0,8
16317,34.03689,32.11027,2600.0,2650.0,9700.0,21460260000.0,0.21212121212121213,0.14,0.1,824.0,1321.3333333333333,1698.6666666666667,0.0,0.0,15
16321,79.47428,69.14196,2352.0,2385.0,12032.0,46666500000.0,0.4857142857142857,0.43478260869565216,0.43478260869565216,1145.4545454545455,1800.0,2181.818181818182,1.0,0.45454545454545453,11
16324,83.58086,75.21865,2352.0,2698.0,12032.0,57430500000.0,0.4722222222222222,0.43478260869565216,0.38461538461538464,1200.0,1841.6666666666667,2216.6666666666665,1.0,0.5,12
16325,95.1275,90.28841,800.0,2300.0,1200.0,1993568000.0,0.8648648648648649,0.8958333333333334,0.9067796610169492,347.27272727272725,457.27272727272725,1130.0,1.0,1.0,11
16326,93.90776,89.03057,2352.0,2698.0,12032.0,67976100000.0,0.14444444444444443,0.11304347826086956,0.2,296.15384615384613,320.8333333333333,585.2564102564103,1.0,0.9807692307692307,312
16327,86.3447,79.26114,2352.0,2698.0,12032.0,60517000000.0,0.14444444444444443,0.11304347826086956,0.2,277.26377952755905,283.8582677165354,548.6220472440945,1.0,0.9940944881889764,508
16328,94.77509,91.33256,2352.0,2698.0,12032.0,69733700000.0,0.14444444444444443,0.11304347826086956,0.2,291.16022099447514,312.43093922651934,576.243093922652,1.0,0.9834254143646409,362
16329,98.68421,78.79577,2432.0,2698.0,12032.0,62208000000.0,1.0,1.0,1.0,1200.0,1800.0,1200.0,1.0,1.0,24
16330,82.53449,79.53658,2352.0,2698.0,12032.0,60727300000.0,0.14857142857142858,0.11304347826086956,0.22608695652173913,283.698296836983,301.21654501216545,564.4768856447689,1.0,0.9854014598540146,411
16331,86.3447,79.26114,2352.0,2698.0,12032.0,60517000000.0,0.14444444444444443,0.11304347826086956,0.2,277.26377952755905,283.8582677165354,548.6220472440945,1.0,0.9940944881889764,508
16332,95.36462,90.41176,2352.0,2698.0,12032.0,69030660000.0,0.14444444444444443,0.11304347826086956,0.2,292.9824561403509,315.4970760233918,579.53216374269,1.0,0.9824561403508771,342
16336,64.63815,24.31021,2352.0,2393.0,5898.0,8070000000.0,0.8,0.6,0.8333333333333334,433.3333333333333,366.6666666666667,566.6666666666666,1.0,1.0,90
16337,72.20561,17.80339,2352.0,2393.0,5898.0,5910000000.0,0.8,0.6,0.8333333333333334,450.0,400.0,550.0,0.0,1.0,60
16338,82.76155,20.40612,2352.0,2393.0,5898.0,6774000000.0,0.8,0.6,0.8333333333333334,441.6666666666667,383.3333333333333,558.3333333333334,0.0,1.0,72
16341,94.23802,9.97112,2600.0,2650.0,9700.0,6664000000.0,1.0,1.0,1.0,350.0,476.0,1000.0,1.0,1.0,40
16344,76.90801,72.23125,2490.0,2590.0,13490.0,62840000000.0,0.022727272727272728,0.06,0.15384615384615385,277.77777777777777,397.5845410628019,2108.695652173913,1.0,0.9951690821256038,207
16345,77.19809,72.50368,2490.0,2590.0,13490.0,63077016000.0,0.022727272727272728,0.056,0.03538461538461538,272.803738317757,395.23364485981307,2067.1028037383176,1.0,0.9953271028037384,214
16357,100.0,34.34156,2352.0,2393.0,5898.0,11400000000.0,1.0,1.0,1.0,1250.0,1900.0,4800.0,1.0,1.0,1
16358,62.43912,55.42313,2352.0,2393.0,5898.0,18398220000.0,0.5729166666666666,0.07692307692307693,0.10576923076923077,796.25,943.75,1513.125,1.0,1.0,16
16362,82.43436,14.75469,2352.0,2393.0,5898.0,4897957200.0,0.5328596802841918,0.46,0.5555555555555556,545.9629629629629,481.6666666666667,351.2037037037037,0.9814814814814815,0.07407407407407407,54
16380,79.11392,41.53646,800.0,2000.0,1200.0,797500000.0,1.0,1.0,1.0,250.0,220.0,290.0,1.0,0.0,50
16381,87.90436,83.07292,800.0,2000.0,1200.0,1595000000.0,1.0,1.0,1.0,250.0,220.0,290.0,1.0,0.0,100
16382,85.87461,61.57048,2400.0,2650.0,13600.0,53256000000.0,0.5714285714285714,0.8947368421052632,0.4444444444444444,890.9090909090909,1881.8181818181818,1427.2727272727273,0.0,0.0,22
16383,94.93671,83.07292,800.0,1200.0,1200.0,957000000.0,1.0,1.0,1.0,250.0,220.0,290.0,1.0,0.0,60
16394,100.0,65.54606,2490.0,2590.0,13490.0,57024000000.0,1.0,1.0,1.0,800.0,1800.0,1200.0,1.0,1.0,33
16395,100.0,65.54606,2490.0,2590.0,13490.0,57024000000.0,1.0,1.0,1.0,800.0,1800.0,1200.0,1.0,1.0,33
16396,49.18831,34.94459,2490.0,2590.0,13490.0,30401220000.0,0.10849056603773585,0.10857142857142857,0.19473684210526315,959.5238095238095,864.7619047619048,1892.3809523809523,1.0,1.0,21
16403,96.98482,87.65649,2432.0,2698.0,12032.0,69203400000.0,0.8,0.9959100204498977,0.8461538461538461,842.8571428571429,2443.9285714285716,1200.0,0.10714285714285714,1.0,28
16404,96.86343,81.71033,2432.0,2698.0,12032.0,64509000000.0,0.8,0.9959100204498977,0.8461538461538461,846.1538461538462,2443.846153846154,1200.0,0.11538461538461539,1.0,26
16410,77.77562,38.6164,2490.0,2590.0,13490.0,33595630400.0,0.05128205128205128,0.6,0.3,1678.235294117647,131.1764705882353,4828.882352941177,1.0,0.0,34
16422,36.05152,11.65422,1978.0,2100.0,4168.0,2017700250.0,0.7217391304347827,0.8846153846153846,0.28431372549019607,492.57575757575756,122.72727272727273,965.9090909090909,1.0,0.0,33
16433,100.0,29.13158,2490.0,2590.0,13490.0,25344000000.0,1.0,1.0,1.0,800.0,800.0,1200.0,0.0,0.0,33
16437,81.41647,48.84073,2480.0,2860.0,13600.0,47112780000.0,1.0,0.9230769230769231,1.0,380.0,122.77777777777777,561.0,1.0,0.0,1800
16441,100.0,27.08164,2352.0,2393.0,5898.0,8990000000.0,1.0,1.0,1.0,1000.0,1450.0,1550.0,1.0,1.0,4
16480,75.40325,51.77125,2352.0,2393.0,5898.0,17185944920.0,0.24087591240875914,0.4463276836158192,0.587437867148667,414.06451612903226,792.2903225806451,1723.8709677419354,1.0,0.0,31
16494,93.33333,50.58303,1000.0,2330.0,1300.0,1532160000.0,0.6666666666666666,0.8833333333333333,0.8450704225352113,640.0,576.6666666666666,1346.6666666666667,1.0,1.0,3
16495,89.60319,45.38498,1000.0,2330.0,1100.0,1163217000.0,0.45977011494252873,0.8301886792452831,0.3120567375886525,510.0,472.0,786.0,1.0,1.0,5
16496,93.80042,54.43777,1000.0,2330.0,1100.0,1395240000.0,0.9090909090909091,0.9361702127659575,0.9777777777777777,425.0,458.75,446.25,1.0,1.0,16
16505,64.4102,61.83379,1000.0,2330.0,1100.0,1584800000.0,0.8636363636363636,0.7692307692307693,0.5945945945945946,417.85714285714283,452.14285714285717,608.5714285714286,1.0,1.0,14
16506,64.4102,61.83379,1000.0,2330.0,1100.0,1584800000.0,0.8636363636363636,0.7692307692307693,0.5945945945945946,417.85714285714283,452.14285714285717,608.5714285714286,1.0,1.0,14
16510,69.76986,63.90919,800.0,2500.0,1202.0,1536377000.0,0.3218390804597701,0.5686274509803921,0.3120567375886525,371.25,356.875,567.5,1.0,1.0,16
16514,73.23593,63.13669,800.0,2500.0,1210.0,1527908000.0,0.6511627906976745,0.5576923076923077,0.5945945945945946,353.1578947368421,362.10526315789474,592.1052631578947,1.0,1.0,19
16516,69.55128,65.19313,800.0,2330.0,1200.0,1458240000.0,0.6511627906976745,0.5576923076923077,0.5945945945945946,347.36842105263156,353.6842105263158,586.3157894736842,1.0,1.0,19
16535,93.69534,84.68341,2432.0,2698.0,12032.0,66856200000.0,0.8,0.9959100204498977,0.8461538461538461,844.4444444444445,2443.8888888888887,1200.0,0.1111111111111111,1.0,27
16536,93.75,86.63887,2432.0,2698.0,12032.0,68400000000.0,0.8,1.0,0.8461538461538461,844.4444444444445,2500.0,1200.0,0.1111111111111111,1.0,27
16541,56.73185,31.69028,2352.0,2393.0,5898.0,10519882000.0,0.4962962962962963,0.6814814814814815,0.3732394366197183,1018.0,1153.0,1801.0,1.0,1.0,5
16542,52.31018,26.89373,2352.0,2393.0,5898.0,8927622000.0,0.4962962962962963,0.6074074074074074,0.3626760563380282,973.0,1058.0,1660.0,1.0,1.0,5
16544,83.18066,60.46985,2400.0,2650.0,13600.0,52304000000.0,0.6666666666666666,0.25,0.5333333333333333,878.7878787878788,1830.3030303030303,990.9090909090909,0.0,0.0,33
16545,33.7685,16.16527,2352.0,2698.0,12032.0,12342415000.0,0.4444444444444444,0.08108108108108109,0.13592233009708737,867.1428571428571,1236.4285714285713,1950.7142857142858,1.0,1.0,7
16546,63.99743,55.15117,2352.0,2698.0,12032.0,42108695000.0,0.2912621359223301,0.07537688442211055,0.09032258064516129,955.3846153846154,1418.076923076923,2213.4615384615386,1.0,1.0,13
16547,77.09112,75.92953,2352.0,2698.0,12032.0,57973270000.0,0.2569593147751606,0.3695652173913043,0.13592233009708737,1077.0833333333333,1598.75,1752.0833333333333,1.0,1.0,12
16552,83.19503,81.91017,2490.0,2590.0,13490.0,71260500000.0,0.5327868852459017,0.3333333333333333,0.35,2160.0,950.0,4775.0,1.0,1.0,6
16554,69.2705,13.62401,2480.0,2860.0,13600.0,13142000000.0,0.1,0.07,0.04285714285714286,441.1764705882353,375.29411764705884,2064.705882352941,0.7058823529411765,0.5882352941176471,17
16555,26.25879,13.62401,2480.0,2860.0,13600.0,13142000000.0,0.1,0.07,0.04285714285714286,441.1764705882353,375.29411764705884,2064.705882352941,0.6470588235294118,0.5294117647058824,17
16560,95.01188,77.20498,2500.0,2472.0,9550.0,45565605540.0,1.0,1.0,1.0,563.0,630.0,702.0,1.0,1.0,183
16569,100.0,86.05242,2352.0,2385.0,12032.0,58080000000.0,1.0,1.0,1.0,2200.0,2200.0,4000.0,1.0,1.0,3
16570,74.01656,36.89443,2352.0,2393.0,12032.0,24984960000.0,1.0,1.0,1.0,840.0,1300.0,1040.0,1.0,1.0,22
16572,100.0,77.48184,240.0,295.0,315.0,17280000.0,1.0,1.0,1.0,100.0,120.0,120.0,1.0,0.0,12
16574,45.44157,40.35352,2490.0,2590.0,13490.0,35106900000.0,0.16666666666666666,0.10869565217391304,0.21666666666666667,1090.625,862.5,1475.0,0.0,0.0,16
16575,45.38469,36.49818,2480.0,2860.0,13600.0,35206900000.0,0.16666666666666666,0.043478260869565216,0.21666666666666667,1085.2941176470588,817.6470588235294,1447.0588235294117,0.0,0.0,17
16581,75.85736,71.79583,800.0,1800.0,1200.0,1240632000.0,0.36764705882352944,0.5490196078431373,0.4142857142857143,448.0,366.0,517.3333333333334,1.0,0.0,15
16582,71.91084,12.12593,2352.0,2698.0,5898.0,4538362500.0,1.0,1.0,1.0,105.0,150.0,565.0,1.0,1.0,510
16586,75.8773,74.61267,800.0,1800.0,1200.0,1289307000.0,0.36764705882352944,0.5490196078431373,0.4142857142857143,497.85714285714283,322.85714285714283,573.5714285714286,1.0,0.35714285714285715,14
16587,75.8773,74.61267,800.0,1800.0,1200.0,1289307000.0,0.36764705882352944,0.5490196078431373,0.4142857142857143,497.85714285714283,322.85714285714283,573.5714285714286,1.0,0.35714285714285715,14
16588,75.8773,74.61267,800.0,1800.0,1200.0,1289307000.0,0.36764705882352944,0.5490196078431373,0.4142857142857143,497.85714285714283,322.85714285714283,573.5714285714286,1.0,0.35714285714285715,14
16589,78.38664,67.87703,800.0,1800.0,1200.0,1172915000.0,0.3048780487804878,0.5964912280701754,0.4142857142857143,425.8333333333333,436.6666666666667,474.1666666666667,1.0,0.4166666666666667,12
16591,73.3234,68.54144,800.0,2300.0,1200.0,1513395000.0,0.3048780487804878,0.49122807017543857,0.4142857142857143,452.6666666666667,412.0,502.0,1.0,0.3333333333333333,15
16593,76.01401,68.17024,800.0,2300.0,1200.0,1505199000.0,0.3048780487804878,0.5964912280701754,0.4142857142857143,460.7142857142857,427.85714285714283,500.7142857142857,1.0,0.42857142857142855,14
16594,81.25439,72.86988,800.0,2300.0,1200.0,1608967000.0,0.3048780487804878,0.5964912280701754,0.4142857142857143,479.2857142857143,430.7142857142857,512.1428571428571,1.0,0.42857142857142855,14
16596,81.25439,72.86988,800.0,2300.0,1200.0,1608967000.0,0.3048780487804878,0.5964912280701754,0.4142857142857143,479.2857142857143,430.7142857142857,512.1428571428571,1.0,0.42857142857142855,14
16606,72.22222,38.78593,2040.0,2674.0,8880.0,18787922400.0,1.0,1.0,1.0,730.0,730.0,2712.0,1.0,1.0,13
16607,72.22222,38.78593,2040.0,2674.0,8880.0,18787922400.0,1.0,1.0,1.0,730.0,730.0,2712.0,1.0,1.0,13
16608,91.37255,80.3648,1870.0,2135.0,3050.0,9786000000.0,0.6842105263157895,0.19047619047619047,0.7,1600.0,1250.0,2550.0,1.0,1.0,2
16611,95.65217,57.75,800.0,2000.0,1200.0,1108800000.0,1.0,1.0,1.0,300.0,210.0,550.0,1.0,1.0,32
16612,95.65217,57.75,800.0,2000.0,1200.0,1108800000.0,1.0,1.0,1.0,550.0,210.0,300.0,1.0,1.0,32
16613,86.27451,46.2,1000.0,2000.0,1200.0,1108800000.0,1.0,1.0,1.0,550.0,210.0,300.0,1.0,1.0,32
16614,97.05882,69.3,1000.0,2000.0,1200.0,1663200000.0,1.0,1.0,1.0,550.0,210.0,300.0,1.0,1.0,48
16615,69.42476,47.1185,2352.0,2698.0,5898.0,17635000000.0,0.45714285714285713,0.65,0.8333333333333334,905.5555555555555,1922.2222222222222,1177.7777777777778,0.0,0.0,9
16616,81.79026,59.62287,2352.0,2698.0,5898.0,22315000000.0,0.45714285714285713,0.65,0.8333333333333334,922.7272727272727,1927.2727272727273,1181.8181818181818,0.0,0.0,11
16617,81.2606,51.2225,2352.0,2698.0,5898.0,19171000000.0,0.45714285714285713,0.65,0.8333333333333334,895.0,1890.0,1180.0,0.0,0.0,10
16618,94.73684,61.25625,800.0,2000.0,1200.0,1176120000.0,1.0,1.0,1.0,550.0,330.0,810.0,1.0,1.0,8
16621,91.04099,82.72951,2352.0,2698.0,12032.0,63165150000.0,0.14444444444444443,0.10833333333333334,0.18571428571428572,313.98104265402844,341.9431279620853,610.6635071090047,1.0,0.976303317535545,211
16626,63.27741,30.95981,2400.0,2650.0,13600.0,26779000000.0,0.6153846153846154,0.34782608695652173,0.5,1100.0,1620.0,1440.0,0.0,0.0,10
16627,63.27741,30.95981,2400.0,2650.0,13600.0,26779000000.0,0.6153846153846154,0.34782608695652173,0.5,1100.0,1620.0,1440.0,0.0,0.0,10
16636,99.03917,5.48717,2490.0,2590.0,13490.0,4773750000.0,1.0,1.0,1.0,1005.0,190.0,1250.0,1.0,0.0,20
16639,80.03557,9.93122,2490.0,2590.0,13490.0,8640000000.0,1.0,1.0,1.0,300.0,200.0,9000.0,1.0,1.0,16
16653,86.85501,62.2734,2400.0,2650.0,13600.0,53864000000.0,0.5714285714285714,0.8947368421052632,0.4444444444444444,883.3333333333334,1883.3333333333333,1325.0,0.0,0.0,24
16657,53.85776,17.06777,2352.0,2393.0,12032.0,11558320000.0,0.18181818181818182,0.08163265306122448,0.14285714285714285,506.1904761904762,231.9047619047619,1570.0,1.0,1.0,42
16659,99.03917,5.48717,2490.0,2590.0,13490.0,4773750000.0,1.0,1.0,1.0,1005.0,190.0,1250.0,1.0,0.0,20
16661,45.1333,19.4939,2490.0,2590.0,13490.0,16959375000.0,1.0,0.1,1.0,1005.0,794.1176470588235,1250.0,1.0,0.5882352941176471,17
16663,89.50412,42.88658,2490.0,2590.0,13490.0,37310625000.0,1.0,0.5,1.0,1005.0,1747.0588235294117,1250.0,1.0,0.0,17
16666,91.6915,42.88658,2490.0,2590.0,13490.0,37310625000.0,1.0,0.5,1.0,1005.0,1747.0588235294117,1250.0,1.0,0.0,17
16668,75.40325,51.77125,2352.0,2393.0,5898.0,17185944920.0,0.24087591240875914,0.4463276836158192,0.587437867148667,414.06451612903226,792.2903225806451,1723.8709677419354,1.0,0.0,31
16669,40.8035,35.72492,2480.0,2860.0,13600.0,34461000000.0,0.0875,0.14814814814814814,0.25,935.8823529411765,976.4705882352941,2852.9411764705883,1.0,0.9411764705882353,17
16670,57.18339,35.72492,2480.0,2860.0,13600.0,34461000000.0,0.0875,0.14814814814814814,0.25,935.8823529411765,976.4705882352941,2852.9411764705883,1.0,0.0,17
16677,100.0,73.5075,1000.0,2000.0,1200.0,1764180000.0,1.0,1.0,1.0,550.0,810.0,330.0,1.0,1.0,12
16678,93.46154,68.91328,800.0,2000.0,1200.0,1323135000.0,1.0,1.0,1.0,550.0,810.0,330.0,1.0,1.0,9
16679,100.0,73.5075,1000.0,2000.0,1200.0,1764180000.0,1.0,1.0,1.0,550.0,810.0,330.0,1.0,1.0,12
16681,40.82913,18.1407,2352.0,2385.0,12032.0,12243840000.0,0.2556818181818182,0.12244897959183673,0.5892857142857143,827.4285714285714,196.0,2399.1428571428573,1.0,1.0,35
16682,57.13679,34.93882,2480.0,2700.0,5800.0,13569120000.0,0.7272727272727273,0.7083333333333334,1.0,1055.0,905.0,1200.0,1.0,1.0,12
16686,92.61204,55.56507,2600.0,2650.0,9700.0,37135800000.0,1.0,1.0,1.0,460.0,780.0,900.0,1.0,1.0,115
16687,89.19566,86.97141,2600.0,2650.0,9700.0,58125600000.0,1.0,1.0,1.0,460.0,780.0,900.0,1.0,1.0,180
16688,62.75112,29.23714,2352.0,2385.0,12032.0,19733240000.0,0.038461538461538464,0.11538461538461539,0.1595744680851064,302.097516099356,112.52069917203312,418.1416743330267,1.0,0.0,1087
16689,62.75112,29.23714,2352.0,2385.0,12032.0,19733240000.0,0.038461538461538464,0.11538461538461539,0.1595744680851064,302.097516099356,112.52069917203312,418.1416743330267,1.0,0.0,1087
16690,62.75112,29.23714,2352.0,2385.0,12032.0,19733240000.0,0.038461538461538464,0.11538461538461539,0.1595744680851064,302.097516099356,112.52069917203312,418.1416743330267,1.0,0.0,1087
16704,86.80556,52.08333,800.0,2000.0,1200.0,1000000000.0,1.0,1.0,1.0,200.0,200.0,250.0,1.0,1.0,100
16709,68.59527,57.52224,2352.0,2385.0,12032.0,38823914000.0,0.22058823529411764,0.4027777777777778,0.15742128935532235,891.7241379310345,463.7931034482759,2949.310344827586,1.0,0.0,29
16715,36.53614,12.25662,2352.0,2698.0,12032.0,9358104000.0,0.075,0.10625,0.115,502.7027027027027,326.6216216216216,506.27027027027026,0.32432432432432434,0.32432432432432434,37
16718,69.94527,31.43737,2490.0,2590.0,13490.0,27350000000.0,0.09090909090909091,0.4166666666666667,0.05970149253731343,810.0,1300.0,1155.0,0.0,0.7,10
16719,69.94527,31.43737,2490.0,2590.0,13490.0,27350000000.0,0.09090909090909091,0.4166666666666667,0.05970149253731343,810.0,1300.0,1155.0,0.0,0.5,10
16726,75.59837,28.97938,800.0,2000.0,1200.0,556404000.0,0.6818181818181818,0.625,0.6666666666666666,367.77777777777777,338.8888888888889,487.77777777777777,1.0,1.0,9
16727,44.70031,12.22767,2352.0,2698.0,12032.0,9336000000.0,0.75,0.18125,0.8,988.2352941176471,607.3529411764706,941.1764705882352,0.0,0.0,17
16730,81.01689,28.95035,2352.0,2698.0,12032.0,22104000000.0,0.40358744394618834,0.85,0.782608695652174,1166.0,880.0,1100.0,0.0,0.0,20
16732,75.71057,73.73551,800.0,2300.0,1200.0,1628080000.0,0.36764705882352944,0.34146341463414637,0.4142857142857143,454.6666666666667,425.3333333333333,527.3333333333334,1.0,0.3333333333333333,15
16782,87.39534,49.77604,2480.0,2860.0,13600.0,48015000000.0,0.6666666666666666,0.38461538461538464,0.3023255813953488,1144.4444444444443,700.0,1722.2222222222222,1.0,1.0,27
16783,87.39534,49.77604,2480.0,2860.0,13600.0,48015000000.0,0.6666666666666666,0.38461538461538464,0.3023255813953488,1144.4444444444443,700.0,1722.2222222222222,1.0,1.0,27
16784,83.32393,73.52112,2480.0,2860.0,13600.0,70920000000.0,0.6666666666666666,0.38461538461538464,0.3023255813953488,1192.857142857143,760.7142857142857,2014.2857142857142,1.0,1.0,28
16785,90.50388,48.31126,2490.0,2590.0,13490.0,42030000000.0,0.5,0.38461538461538464,0.872093023255814,900.0,660.0,3860.0,1.0,1.0,15
16786,51.64177,40.09525,2352.0,2393.0,5898.0,13309988000.0,0.5483870967741935,0.5769230769230769,0.22093023255813954,639.4117647058823,734.1176470588235,1368.8235294117646,1.0,0.0,17
16788,72.5886,41.19235,2480.0,2860.0,13600.0,39735000000.0,0.625,0.6666666666666666,0.3466666666666667,983.3333333333334,583.3333333333334,2183.3333333333335,1.0,1.0,36
16789,62.90965,18.80982,2480.0,2860.0,13600.0,18144340000.0,0.42424242424242425,0.43956043956043955,0.3346938775510204,994.5454545454545,1420.909090909091,1201.8181818181818,0.0,0.0,11
16790,66.39771,20.85596,2490.0,2590.0,13490.0,18144340000.0,0.42424242424242425,0.43956043956043955,0.3346938775510204,994.5454545454545,1420.909090909091,1201.8181818181818,0.0,0.0,11
16791,81.91095,41.19235,2480.0,2860.0,13600.0,39735000000.0,0.625,0.6666666666666666,0.3466666666666667,983.3333333333334,583.3333333333334,2183.3333333333335,1.0,0.0,36
16792,62.45954,30.29062,2490.0,2590.0,13490.0,26352340000.0,0.42424242424242425,0.43956043956043955,0.3346938775510204,1026.1538461538462,1479.2307692307693,1309.2307692307693,0.0,0.0,13
16794,71.62117,19.87361,1978.0,2100.0,3089.0,2550000000.0,1.0,1.0,1.0,500.0,300.0,1000.0,1.0,1.0,17
16795,71.60344,20.45812,1978.0,2100.0,3089.0,2625000000.0,0.6,0.6,0.5,488.8888888888889,311.1111111111111,972.2222222222222,1.0,1.0,18
16799,96.77419,84.59283,2480.0,2860.0,13600.0,81600000000.0,1.0,1.0,1.0,800.0,1250.0,1200.0,1.0,1.0,68
16808,100.0,80.0,800.0,2000.0,1200.0,1536000000.0,1.0,1.0,1.0,200.0,200.0,400.0,1.0,1.0,96
16822,100.0,16.99342,2490.0,2590.0,13490.0,14784000000.0,1.0,1.0,1.0,1600.0,2100.0,2200.0,1.0,1.0,2
16824,90.36453,69.254,2490.0,2590.0,13490.0,60249847660.0,0.16010978956999086,0.25224454895254383,0.0967741935483871,1547.2,1885.8,2898.0,0.0,1.0,5
16825,96.793,25.18668,2490.0,2590.0,13490.0,21912000000.0,0.8,0.6666666666666666,0.9545454545454546,1800.0,2750.0,2150.0,0.0,1.0,2
16826,92.22222,25.18668,2490.0,2590.0,13490.0,21912000000.0,0.8,0.6363636363636364,1.0,1800.0,2700.0,2200.0,0.5,1.0,2
16827,60.24496,36.16832,2490.0,2590.0,13490.0,31465847660.0,0.1590909090909091,0.25224454895254383,0.18181818181818182,1578.6666666666667,1643.0,2396.6666666666665,0.0,1.0,3
16832,83.49144,58.27236,2490.0,2590.0,13490.0,50696000000.0,0.8,0.9130434782608695,0.3548387096774194,1700.0,2150.0,3200.0,0.75,1.0,4
16839,98.94292,75.37522,2600.0,2650.0,9700.0,50375520000.0,1.0,1.0,1.0,460.0,780.0,900.0,1.0,0.0,156
16841,100.0,79.21268,2352.0,2698.0,12032.0,60480000000.0,1.0,1.0,1.0,600.0,600.0,1500.0,1.0,0.0,112
16842,97.97297,68.36809,2352.0,2698.0,12032.0,52200000000.0,1.0,1.0,1.0,600.0,600.0,1250.0,1.0,0.0,116
16846,58.77584,36.21864,2480.0,2650.0,13600.0,32371932000.0,0.547945205479452,0.4117647058823529,0.7692307692307693,1235.4545454545455,1119.5454545454545,1076.3636363636363,0.0,0.0,22
16847,58.77584,36.21864,2480.0,2650.0,13600.0,32371932000.0,0.547945205479452,0.4117647058823529,0.7692307692307693,1235.4545454545455,1119.5454545454545,1076.3636363636363,0.0,0.0,22
16855,73.86907,41.36421,2352.0,2393.0,5898.0,13731232000.0,0.15151515151515152,0.1625,0.06666666666666667,617.3684210526316,416.3157894736842,2055.2631578947367,1.0,0.0,19
16862,70.62405,59.67996,2352.0,2385.0,12032.0,40280242000.0,0.12254901960784313,0.11904761904761904,0.04411764705882353,592.2222222222222,761.6666666666666,1134.4444444444443,0.8888888888888888,0.8888888888888888,18
16863,68.5743,31.95821,2480.0,2650.0,13600.0,28563992682.0,0.237160751565762,0.21774193548387097,0.12125,1181.857142857143,712.1428571428571,3223.285714285714,0.0,0.0,7
16878,58.77584,36.21864,2480.0,2650.0,13600.0,32371932000.0,0.547945205479452,0.4117647058823529,0.7692307692307693,1235.4545454545455,1119.5454545454545,1076.3636363636363,0.0,0.0,22
16881,58.77584,36.21864,2480.0,2650.0,13600.0,32371932000.0,0.547945205479452,0.4117647058823529,0.7692307692307693,1235.4545454545455,1119.5454545454545,1076.3636363636363,0.0,0.0,22
16889,97.07831,85.18542,2280.0,2550.0,11500.0,56955822000.0,1.0,1.0,1.0,470.0,215.0,610.0,1.0,1.0,924
16890,97.37506,85.18542,2280.0,2550.0,11500.0,56955822000.0,1.0,1.0,1.0,470.0,215.0,610.0,1.0,0.0,924
16892,64.15036,51.44133,2480.0,2650.0,13600.0,45977845000.0,0.2845528455284553,0.14823529411764705,0.22660098522167488,824.6428571428571,1056.7857142857142,1133.9285714285713,0.0,0.0,28
16894,82.67544,78.54167,800.0,1750.0,1200.0,1319500000.0,1.0,1.0,1.0,350.0,260.0,500.0,1.0,1.0,29
16895,96.36768000000001,33.96153,2480.0,2860.0,13600.0,32760000000.0,1.0,1.0,1.0,910.0,150.0,1200.0,1.0,1.0,200
16896,82.67544,78.54167,800.0,1750.0,1200.0,1319500000.0,1.0,1.0,1.0,350.0,260.0,500.0,1.0,1.0,29
16897,67.78855,52.63178,2352.0,2393.0,5898.0,17471608000.0,0.38524590163934425,0.27450980392156865,0.10930232558139535,605.3571428571429,666.0714285714286,1093.9285714285713,1.0,0.0,28
16899,69.48575,69.36994,800.0,1800.0,1200.0,1198712581.0,0.18292682926829268,0.12893982808022922,0.2962962962962963,221.1046511627907,190.13953488372093,335.4418604651163,1.0,0.0,86
16900,62.12352,61.22618,800.0,1800.0,1200.0,1057988359.0,0.2832369942196532,0.2425,0.3931203931203931,210.16666666666666,238.01388888888889,305.2916666666667,1.0,0.0,72
16901,69.38607,68.57888,800.0,1800.0,1200.0,1185043105.0,0.245,0.175,0.20512820512820512,221.27397260273972,220.83561643835617,333.3150684931507,1.0,0.0,73
16902,62.12352,61.22618,800.0,1800.0,1200.0,1057988359.0,0.2832369942196532,0.2425,0.3931203931203931,210.16666666666666,238.01388888888889,305.2916666666667,1.0,0.0,72
16912,100.0,82.1048,2480.0,2860.0,13600.0,79200000000.0,1.0,1.0,1.0,1200.0,1250.0,3300.0,1.0,1.0,16
16913,96.11241,74.45413,2480.0,2860.0,13600.0,71820000000.0,0.9583333333333334,0.32,0.6818181818181818,1175.0,825.0,2775.0,1.0,1.0,24
16915,100.0,82.1048,2480.0,2860.0,13600.0,79200000000.0,1.0,1.0,1.0,1200.0,1250.0,3300.0,1.0,1.0,16
16916,96.03554,91.76145,2480.0,2860.0,13600.0,88515000000.0,0.9583333333333334,0.32,0.6818181818181818,1182.0,944.0,2922.0,0.64,0.64,25
16919,71.11329,41.70025,2210.0,1960.0,4850.0,8760496000.0,0.37300177619893427,0.5543478260869565,0.5277777777777778,295.7464788732394,322.84507042253523,235.6338028169014,1.0,1.0,355
16927,88.65248,32.18452,2490.0,2590.0,13490.0,28000000000.0,1.0,1.0,1.0,500.0,700.0,800.0,1.0,1.0,100
16929,78.71894,32.67118,2352.0,2385.0,12032.0,22051000000.0,0.9428571428571428,0.9,0.9428571428571428,340.0,475.0,680.0,1.0,1.0,200
16930,88.15806,85.23474,2352.0,2385.0,12032.0,57528120000.0,0.9428571428571428,0.9,0.9428571428571428,341.71875,479.296875,683.4375,1.0,1.0,512
16931,87.99219,85.23474,2352.0,2385.0,12032.0,57528120000.0,0.9428571428571428,0.9,0.9428571428571428,341.71875,479.296875,683.4375,1.0,1.0,512
16932,82.99629,13.65445,1978.0,2100.0,4168.0,2364000000.0,0.8571428571428571,1.0,0.5,666.6666666666666,600.0,966.6666666666666,1.0,1.0,6
16933,79.32225,59.33031,2480.0,2860.0,13600.0,57231250000.0,0.7272727272727273,0.4,0.704225352112676,1040.0,1144.6666666666667,621.3333333333334,1.0,1.0,75
16934,82.43559,66.81149,2480.0,2860.0,13600.0,64447750000.0,0.2777777777777778,0.09375,0.5,1126.851851851852,905.0925925925926,596.7592592592592,1.0,1.0,108
16935,80.69243,66.81149,2480.0,2860.0,13600.0,64447750000.0,0.2777777777777778,0.09375,0.5,1126.851851851852,905.0925925925926,596.7592592592592,1.0,0.6759259259259259,108
16936,81.48355,76.53095,2480.0,2860.0,13600.0,73823350000.0,0.2777777777777778,0.09375,0.5,1112.4031007751937,881.0852713178294,609.3023255813954,1.0,0.689922480620155,129
16951,93.1677,64.13914,2490.0,2590.0,13490.0,55800000000.0,1.0,1.0,1.0,300.0,3100.0,2000.0,1.0,1.0,30
16952,97.23703,97.12891,2352.0,2698.0,12032.0,74159294863.0,0.047619047619047616,0.014925373134328358,0.08974358974358974,296.73885573885576,309.61038961038963,248.27553527553528,1.0,0.0,2849
16953,93.1677,64.13914,2490.0,2590.0,13490.0,55800000000.0,1.0,1.0,1.0,300.0,3100.0,2000.0,1.0,1.0,30
16954,97.09122,97.09122,2352.0,2698.0,12032.0,74130517531.0,0.047619047619047616,0.014925373134328358,0.06422018348623854,304.99548192771084,321.1750753012048,262.26844879518075,1.0,0.0,2656
16956,65.46077,30.50044,1870.0,2135.0,3050.0,3714030125.0,0.05555555555555555,0.049019607843137254,0.1275,523.2352941176471,449.70588235294116,1237.3529411764705,1.0,1.0,17
16958,62.77504,38.19572,1870.0,2135.0,3050.0,4651082125.0,0.05555555555555555,0.08333333333333333,0.1275,503.40909090909093,658.4090909090909,1067.5,0.8636363636363636,0.9545454545454546,22
16959,42.04208,38.19572,1870.0,2135.0,3050.0,4651082125.0,0.05555555555555555,0.08333333333333333,0.1275,503.40909090909093,658.4090909090909,1067.5,0.8181818181818182,0.9545454545454546,22
16960,57.59296,38.19572,1870.0,2135.0,3050.0,4651082125.0,0.024509803921568627,0.1574074074074074,0.1275,569.3181818181819,592.5,1067.5,0.8181818181818182,0.9090909090909091,22
16961,42.01936,38.19572,1870.0,2135.0,3050.0,4651082125.0,0.024509803921568627,0.1574074074074074,0.1275,569.3181818181819,592.5,1067.5,0.8181818181818182,0.7272727272727273,22
16963,74.49223,19.39104,2480.0,2860.0,13600.0,18705000000.0,0.8333333333333334,0.6666666666666666,0.8666666666666667,1110.0,612.5,1390.0,0.0,0.0,20
16980,82.22222,13.00407,2400.0,2650.0,13600.0,11248000000.0,1.0,1.0,0.5714285714285714,800.0,1900.0,1057.142857142857,0.0,0.0,7
16983,100.0,37.1,800.0,2000.0,1200.0,712320000.0,1.0,1.0,1.0,350.0,120.0,530.0,1.0,1.0,32
16984,100.0,69.5625,800.0,2000.0,1200.0,1335600000.0,1.0,1.0,1.0,350.0,120.0,530.0,1.0,1.0,60
16986,81.91095,41.19235,2480.0,2860.0,13600.0,39735000000.0,0.625,0.6666666666666666,0.3466666666666667,983.3333333333334,583.3333333333334,2183.3333333333335,1.0,0.0,36
16987,96.37681,46.74436,2400.0,2650.0,13600.0,40432000000.0,0.6666666666666666,1.0,0.5,815.3846153846154,1900.0,992.3076923076923,0.0,0.0,26
16988,79.34408,37.68844,800.0,2000.0,1200.0,723618000.0,0.38461538461538464,0.5483870967741935,0.36764705882352944,217.5,202.1153846153846,282.5,1.0,1.0,52
16990,79.34408,37.68844,800.0,2000.0,1200.0,723618000.0,0.38461538461538464,0.5483870967741935,0.36764705882352944,217.5,202.1153846153846,282.5,1.0,1.0,52
16991,78.75313,23.62594,800.0,2000.0,1200.0,453618000.0,0.38461538461538464,0.5483870967741935,0.36764705882352944,236.4,204.4,317.6,0.2,1.0,25
16996,70.27402,49.06333,2480.0,2860.0,13600.0,47327505000.0,0.5066079295154186,0.9251968503937008,0.6996904024767802,1707.5,2450.0,2782.5,0.0,1.0,4
17000,69.50217,18.89139,2490.0,2590.0,13490.0,16435200000.0,0.36,0.32558139534883723,0.38461538461538464,396.22641509433964,413.58490566037733,2007.5471698113208,1.0,1.0,53
17002,91.03864,88.47085,2490.0,2590.0,13490.0,76968192000.0,0.36,0.32558139534883723,0.38461538461538464,367.9668049792531,426.3900414937759,2064.066390041494,1.0,1.0,241
17009,96.92308,42.525,800.0,2000.0,1200.0,816480000.0,1.0,1.0,1.0,360.0,90.0,420.0,1.0,1.0,60
17010,96.92308,85.05,800.0,2000.0,1200.0,1632960000.0,1.0,1.0,1.0,360.0,90.0,420.0,1.0,1.0,120
17014,51.02041,9.03725,2352.0,2393.0,5898.0,3000000000.0,1.0,1.0,0.75,300.0,50.0,3571.4285714285716,1.0,1.0,56
17016,80.87282,26.97439,2352.0,2393.0,5898.0,8954400000.0,0.6666666666666666,0.625,0.225,208.88888888888889,77.33333333333333,1151.3131313131314,1.0,1.0,495
17018,19.36201,14.56399,2352.0,2393.0,5898.0,4834650000.0,0.6666666666666666,0.5,0.225,260.2040816326531,77.41496598639456,1917.687074829932,1.0,1.0,147
17022,74.43785,71.54494,2352.0,2393.0,5898.0,23750006000.0,0.055,0.25,0.2,270.5449438202247,83.89887640449439,1659.2808988764045,1.0,1.0,890
17028,73.58014,9.21302,2480.0,2860.0,13600.0,8887068000.0,0.07142857142857142,0.47191011235955055,0.39661016949152544,757.5,1427.5,1817.5,1.0,1.0,4
17030,63.06331,49.32367,2480.0,2860.0,13600.0,47578635900.0,0.31056603773584907,0.088,0.10615711252653928,1654.6666666666667,1221.6666666666667,2655.1666666666665,1.0,1.0,6
17034,100.0,81.51,800.0,2000.0,1200.0,1564992000.0,1.0,1.0,1.0,330.0,260.0,760.0,1.0,1.0,24
17036,81.41647,48.84073,2480.0,2860.0,13600.0,47112780000.0,1.0,0.9230769230769231,1.0,380.0,122.77777777777777,561.0,1.0,0.0,1800
17041,64.32014,40.36089,800.0,2000.0,1200.0,774929100.0,0.7692307692307693,0.6615384615384615,0.5841121495327103,113.75,584.5833333333334,949.4166666666666,1.0,0.0,12
17045,84.38954,82.49303,2352.0,2698.0,12032.0,62984592000.0,0.8846153846153846,1.0,0.9333333333333333,471.4782608695652,660.0,879.9130434782609,1.0,0.0,230
17046,92.6792,87.26672,2352.0,2698.0,12032.0,66629376000.0,0.8846153846153846,1.0,0.9333333333333333,473.88429752066116,660.0,880.1652892561983,0.9504132231404959,0.0,242
17048,100.0,9.27537,2490.0,2590.0,13490.0,8069424000.0,1.0,1.0,1.0,580.0,510.0,1240.0,1.0,1.0,22
17061,97.02857,17.32653,2450.0,2800.0,8000.0,9508800000.0,0.5,0.62,0.3333333333333333,560.0,474.6666666666667,546.6666666666666,0.0,1.0,60
17067,78.15957,17.40565,2450.0,2800.0,8000.0,9552219000.0,0.35,0.718,0.36666666666666664,391.747572815534,424.70873786407765,397.0873786407767,1.0,1.0,103
17068,57.12663,20.40237,2450.0,2800.0,8000.0,11196819000.0,0.35,0.62,0.3333333333333333,397.1311475409836,419.3032786885246,392.62295081967216,1.0,1.0,122
17069,57.12663,20.40237,2450.0,2800.0,8000.0,11196819000.0,0.35,0.62,0.3333333333333333,397.1311475409836,419.3032786885246,392.62295081967216,1.0,1.0,122
17074,38.54637,14.95718,2490.0,2590.0,13490.0,13012503240.0,0.04316546762589928,0.020689655172413793,0.09,620.0714285714286,467.32142857142856,1672.9642857142858,1.0,1.0,28
17077,38.54637,14.95718,2490.0,2590.0,13490.0,13012503240.0,0.04316546762589928,0.020689655172413793,0.09,620.0714285714286,467.32142857142856,1672.9642857142858,1.0,1.0,28
17078,72.07275,29.91436,2490.0,2590.0,13490.0,26025006480.0,0.04316546762589928,0.020689655172413793,0.09,620.0714285714286,467.32142857142856,1672.9642857142858,1.0,1.0,56
17079,65.47454,44.87155,2490.0,2590.0,13490.0,39037509720.0,0.04316546762589928,0.020689655172413793,0.09,620.0714285714286,467.32142857142856,1672.9642857142858,1.0,1.0,84
17080,54.65243,40.83572,1978.0,2100.0,4168.0,7069903300.0,0.35251798561151076,0.07,0.42016806722689076,972.2222222222222,452.77777777777777,1665.2222222222222,1.0,1.0,9
17081,61.33229,33.5056,2480.0,2700.0,5800.0,13012503240.0,0.04316546762589928,0.020689655172413793,0.09,620.0714285714286,467.32142857142856,1672.9642857142858,1.0,1.0,28
17083,96.76119,89.42238,2490.0,2590.0,13490.0,77796000000.0,0.8333333333333334,0.75,0.625,548.9795918367347,348.9795918367347,646.9387755102041,1.0,1.0,588
17084,99.0303,90.15342,2490.0,2590.0,13490.0,78432000000.0,0.6666666666666666,0.6,0.625,492.56198347107437,354.54545454545456,601.6528925619834,1.0,1.0,726
17086,92.23891,49.22855,2490.0,2590.0,13490.0,42828030000.0,0.974025974025974,0.8842105263157894,0.3968253968253968,760.0,1790.0,1736.111111111111,0.0,0.0,18
17088,87.6733,63.45481,2352.0,2385.0,12032.0,42828030000.0,0.974025974025974,0.8842105263157894,0.3968253968253968,760.0,1790.0,1736.111111111111,0.0,0.0,18
17090,74.49223,19.39104,2480.0,2860.0,13600.0,18705000000.0,0.8333333333333334,0.6666666666666666,0.8666666666666667,1110.0,612.5,1390.0,0.0,0.0,20
17091,77.84735,30.45109,2480.0,2860.0,13600.0,29373750000.0,0.5,0.38461538461538464,0.872093023255814,1125.0,900.0,4025.0,0.0,0.0,6
17093,100.0,56.926,2480.0,2860.0,13600.0,54912000000.0,1.0,1.0,1.0,1600.0,1300.0,4400.0,1.0,0.0,6
17094,64.19423,62.84749,2480.0,2860.0,13600.0,60624000000.0,0.6875,0.42857142857142855,0.3181818181818182,1244.4444444444443,800.0,1822.2222222222222,1.0,0.0,27
17095,64.19423,62.84749,2480.0,2860.0,13600.0,60624000000.0,0.6875,0.42857142857142855,0.3181818181818182,1244.4444444444443,800.0,1822.2222222222222,1.0,0.0,27
17096,90.02139,89.71148,2352.0,2698.0,12032.0,68495985184.0,0.1111111111111111,0.1417910447761194,0.2894736842105263,520.969064191802,380.14385150812063,261.07733952049495,1.0,0.0,1293
17097,83.33333,50.76313,1978.0,2100.0,4168.0,8788640000.0,1.0,1.0,1.0,380.0,280.0,590.0,1.0,1.0,140
17098,100.0,91.54833,800.0,2000.0,1200.0,1757728000.0,1.0,1.0,1.0,380.0,280.0,590.0,1.0,1.0,28
17099,87.6733,63.45481,2352.0,2385.0,12032.0,42828030000.0,0.974025974025974,0.8842105263157894,0.3968253968253968,760.0,1790.0,1736.111111111111,0.0,0.0,18
17102,100.0,45.15764,2480.0,2860.0,13600.0,43560000000.0,1.0,1.0,1.0,1100.0,1500.0,1100.0,0.0,0.0,24
17103,72.75861,39.80357,2480.0,2650.0,13600.0,35576110200.0,0.6550218340611353,0.8152866242038217,0.45090180360721444,1831.5,1397.0,3540.0,0.0,0.0,4
17108,58.3553,21.13438,2342.0,2375.0,12022.0,14132426000.0,0.3781094527363184,0.4891304347826087,0.21565495207667731,1295.0,648.3333333333334,2676.6666666666665,0.0,0.0,6
17121,100.0,28.275,800.0,2000.0,1200.0,542880000.0,1.0,1.0,1.0,195.0,240.0,290.0,1.0,1.0,40
17122,78.54167,28.275,800.0,2000.0,1200.0,542880000.0,1.0,1.0,1.0,195.0,240.0,290.0,1.0,0.0,40
17124,100.0,81.51,800.0,2000.0,1200.0,1564992000.0,1.0,1.0,1.0,330.0,260.0,760.0,1.0,1.0,24
17130,100.0,52.96652,2490.0,2590.0,13490.0,46080000000.0,1.0,1.0,1.0,800.0,1500.0,1200.0,1.0,0.0,32
17131,96.9697,47.77007,2480.0,2860.0,13600.0,46080000000.0,1.0,1.0,1.0,800.0,1500.0,1200.0,1.0,0.0,32
17133,96.77419,50.7557,2480.0,2860.0,13600.0,48960000000.0,1.0,1.0,1.0,800.0,1500.0,1200.0,1.0,0.0,34
17136,96.25668,53.50945,2040.0,2674.0,8880.0,25920000000.0,1.0,1.0,1.0,800.0,1500.0,1200.0,1.0,0.0,18
17138,84.72558,45.54,800.0,2000.0,1200.0,874368000.0,1.0,0.5689655172413793,0.717948717948718,240.0,223.51063829787233,331.48936170212767,1.0,0.0,47
17140,95.74977,92.02861,2352.0,2393.0,5898.0,30549750000.0,1.0,1.0,1.0,1150.0,385.0,1150.0,1.0,1.0,60
17143,100.0,94.25,800.0,1500.0,1200.0,1357200000.0,1.0,1.0,1.0,240.0,290.0,390.0,1.0,0.0,50
17146,99.34407,59.82673,2600.0,2650.0,9700.0,39984000000.0,1.0,1.0,1.0,1190.0,100.0,6000.0,1.0,0.9821428571428571,56
17147,97.57007,58.7584,2600.0,2650.0,9700.0,39270000000.0,1.0,1.0,1.0,1190.0,100.0,6000.0,0.9818181818181818,0.9818181818181818,55
17168,58.79771,28.03675,2490.0,2590.0,13490.0,24391510880.0,0.04316546762589928,0.025,0.09,612.1754385964912,452.89473684210526,1659.859649122807,1.0,1.0,57
17169,56.38446,41.14542,2490.0,2590.0,13490.0,35795836320.0,0.04316546762589928,0.025,0.09,607.6588235294117,451.0,1660.9176470588236,1.0,1.0,85
17170,74.99093,73.8972,2040.0,2674.0,8880.0,35795836320.0,0.04316546762589928,0.025,0.09,607.6588235294117,451.0,1660.9176470588236,1.0,1.0,85
17171,53.63111,50.87579,2500.0,2472.0,9550.0,30026384820.0,0.04316546762589928,0.025,0.09,579.0125,444.25,1668.35,1.0,1.0,80
17172,66.47978,53.56012,2600.0,2650.0,9700.0,35795836320.0,0.04316546762589928,0.025,0.09,607.6588235294117,451.0,1660.9176470588236,1.0,1.0,85
17173,63.93429,37.10871,2480.0,2860.0,13600.0,35795836320.0,0.04316546762589928,0.025,0.09,607.6588235294117,451.0,1660.9176470588236,1.0,1.0,85
17174,63.93429,37.10871,2480.0,2860.0,13600.0,35795836320.0,0.04316546762589928,0.025,0.09,607.6588235294117,451.0,1660.9176470588236,1.0,1.0,85
17175,53.63111,50.87579,2500.0,2472.0,9550.0,30026384820.0,0.04316546762589928,0.025,0.09,579.0125,444.25,1668.35,1.0,1.0,80
17176,51.0817,41.32823,2500.0,2472.0,9550.0,24391510880.0,0.04316546762589928,0.025,0.09,612.1754385964912,452.89473684210526,1659.859649122807,1.0,1.0,57
17195,19.33186,14.92808,2490.0,2590.0,13490.0,12987185440.0,0.04316546762589928,0.025,0.09,625.4137931034483,458.44827586206895,1656.7586206896551,0.8275862068965517,1.0,29
17198,61.33229,33.5056,2480.0,2700.0,5800.0,13012503240.0,0.04316546762589928,0.020689655172413793,0.09,620.0714285714286,467.32142857142856,1672.9642857142858,1.0,1.0,28
17199,68.76023,68.67403,2352.0,2393.0,5898.0,22796980000.0,0.055,0.2222222222222222,0.2,254.4795127353267,90.88372093023256,1501.439645625692,0.9700996677740864,0.01107419712070875,903
17201,80.89684,80.79543,2352.0,2393.0,5898.0,26820790000.0,0.055,0.2222222222222222,0.2,267.9909819639279,89.39078156312625,1548.2965931863728,0.9959919839679359,0.01002004008016032,998
17203,58.42065,55.68084,2352.0,2393.0,5898.0,18483770000.0,0.055,0.2222222222222222,0.2,244.17631917631917,96.37065637065638,1357.6576576576576,1.0,0.01287001287001287,777
17208,100.0,18.4599,2480.0,2860.0,13600.0,17806800000.0,1.0,1.0,1.0,1100.0,1420.0,1900.0,0.0,0.0,6
17210,57.74171,42.67946,2480.0,2700.0,5800.0,16575335440.0,0.04945054945054945,0.025,0.09,636.7931034482758,493.62068965517244,1804.344827586207,0.8275862068965517,0.3103448275862069,29
17211,48.1391,37.9764,2480.0,2700.0,5800.0,14748818440.0,0.0335195530726257,0.025,0.09,654.0344827586207,483.9655172413793,1719.8620689655172,0.8275862068965517,0.3103448275862069,29
17212,41.13347,16.95298,2490.0,2590.0,13490.0,14748818440.0,0.0335195530726257,0.025,0.09,654.0344827586207,483.9655172413793,1719.8620689655172,0.8275862068965517,0.3103448275862069,29
17213,61.41011,33.90597,2490.0,2590.0,13490.0,29497636880.0,0.0335195530726257,0.025,0.09,654.0344827586207,483.9655172413793,1719.8620689655172,0.8275862068965517,0.3103448275862069,58
17214,56.64959,43.1112,2480.0,2700.0,5800.0,16743011640.0,0.03333333333333333,0.025,0.09,642.9,495.6666666666667,1747.9333333333334,0.8333333333333334,0.3,30
17215,46.73114,34.61566,2480.0,2700.0,5800.0,13443615240.0,0.04316546762589928,0.020689655172413793,0.09,621.448275862069,467.0689655172414,1664.2413793103449,0.8275862068965517,0.3103448275862069,29
17216,41.19428,19.2452,2490.0,2590.0,13490.0,16743011640.0,0.03333333333333333,0.025,0.09,642.9,495.6666666666667,1747.9333333333334,0.8333333333333334,0.3,30
17217,68.40217,37.45305,2490.0,2590.0,13490.0,32583539280.0,0.03333333333333333,0.025,0.09,646.7931034482758,490.0,1763.7241379310344,0.8275862068965517,0.3103448275862069,58
17218,71.082,37.55623,2490.0,2590.0,13490.0,32673303480.0,0.04945054945054945,0.025,0.09,642.6551724137931,491.7241379310345,1763.7241379310344,0.8275862068965517,0.3103448275862069,58
17219,40.52943,18.77811,2490.0,2590.0,13490.0,16336651740.0,0.04945054945054945,0.025,0.09,642.6551724137931,491.7241379310345,1763.7241379310344,0.8275862068965517,0.3103448275862069,29
17220,47.72066,42.06488,2480.0,2700.0,5800.0,16336651740.0,0.04945054945054945,0.025,0.09,642.6551724137931,491.7241379310345,1763.7241379310344,0.8275862068965517,0.3103448275862069,29
17222,96.2963,65.065,800.0,2000.0,1200.0,1249248000.0,1.0,1.0,1.0,520.0,330.0,520.0,1.0,1.0,14
17223,91.71076,74.36,1000.0,2000.0,1200.0,1784640000.0,1.0,1.0,1.0,520.0,330.0,520.0,1.0,1.0,20
17224,54.54993,38.46568,2352.0,2393.0,5898.0,12769039800.0,0.6,0.6269129287598945,0.5796610169491525,1150.0,1427.6666666666667,2614.0,0.0,0.0,3
17225,76.66329,67.26549,2352.0,2385.0,12032.0,45400000000.0,0.75,0.5714285714285714,0.5714285714285714,320.0,260.0,510.0,0.8,0.2,1000
17226,97.22222,11.7477,2480.0,2650.0,13600.0,10500000000.0,0.8333333333333334,0.75,0.5,576.9230769230769,376.9230769230769,1769.2307692307693,0.0,0.0,26
17227,57.5931,26.07989,2480.0,2650.0,13600.0,23310000000.0,0.8333333333333334,0.3,0.25,557.8125,521.875,1460.9375,1.0,0.0,64
17229,76.71037,9.69831,2480.0,2650.0,13600.0,8668271960.0,0.532,0.146,0.22,490.97297297297297,483.05405405405406,951.8918918918919,0.8918918918918919,0.0,37
17233,92.46575,77.175,800.0,2000.0,1200.0,1481760000.0,1.0,1.0,1.0,280.0,450.0,280.0,1.0,1.0,42
17234,71.76758,45.93125,800.0,2000.0,1200.0,881880000.0,0.7,0.7547169811320755,0.4666666666666667,317.5,467.5,367.5,1.0,1.0,16
17235,77.27151,71.8625,800.0,2000.0,1200.0,1379760000.0,0.7,0.7547169811320755,0.4666666666666667,305.7142857142857,477.14285714285717,334.2857142857143,1.0,1.0,28
17238,77.27151,71.8625,800.0,2000.0,1200.0,1379760000.0,0.7,0.7547169811320755,0.4666666666666667,305.7142857142857,477.14285714285717,334.2857142857143,1.0,1.0,28
17239,77.27151,71.8625,800.0,2000.0,1200.0,1379760000.0,0.7,0.7547169811320755,0.4666666666666667,305.7142857142857,477.14285714285717,334.2857142857143,1.0,1.0,28
17242,64.88293,44.18843,2490.0,2590.0,13490.0,38443205752.0,0.3092682926829268,0.03676470588235294,0.2757140498596665,1423.4,519.4,4599.7,1.0,1.0,10
17247,64.88293,44.18843,2490.0,2590.0,13490.0,38443205752.0,0.3092682926829268,0.03676470588235294,0.2757140498596665,1423.4,519.4,4599.7,1.0,1.0,10
17248,88.36067,85.15112,2490.0,2590.0,13490.0,74080080000.0,0.8403361344537815,0.5714285714285714,0.6571428571428571,1112.8712871287128,112.87128712871286,5912.079207920792,1.0,1.0,101
17253,100.0,94.25,800.0,1500.0,1200.0,1357200000.0,1.0,1.0,1.0,240.0,290.0,390.0,1.0,0.0,50
17254,67.31604,44.18843,2490.0,2590.0,13490.0,38443205752.0,0.3092682926829268,0.03676470588235294,0.2757140498596665,1423.4,519.4,4599.7,1.0,0.0,10
17255,67.31604,44.18843,2490.0,2590.0,13490.0,38443205752.0,0.3092682926829268,0.03676470588235294,0.2757140498596665,1423.4,519.4,4599.7,1.0,0.0,10
17260,98.14815,69.5625,800.0,2000.0,1200.0,1335600000.0,1.0,1.0,1.0,300.0,530.0,300.0,1.0,1.0,28
17261,98.14815,69.5625,800.0,2000.0,1200.0,1335600000.0,1.0,1.0,1.0,300.0,530.0,300.0,1.0,1.0,28
17262,48.6395,10.73143,2450.0,2450.0,13600.0,8760496000.0,0.37300177619893427,0.5543478260869565,0.5277777777777778,295.7464788732394,322.84507042253523,235.6338028169014,1.0,1.0,355
17263,89.83519,8.8847,1000.0,2000.0,1200.0,213232800.0,0.9383333333333334,0.8695652173913043,0.72,581.5,430.0,430.0,1.0,0.5,2
17265,100.0,13.59645,2000.0,3000.0,4000.0,3263148000.0,1.0,1.0,1.0,563.0,460.0,360.0,0.0,0.0,35
17266,66.78357,64.11222,1000.0,2000.0,1200.0,1538693400.0,0.65625,0.515625,0.4222222222222222,259.82456140350877,382.9298245614035,237.19298245614036,1.0,0.8421052631578947,57
17267,92.0,17.09268,2000.0,3000.0,4000.0,4102243200.0,1.0,1.0,1.0,563.0,460.0,360.0,0.0,1.0,44
17268,89.28571,38.847,2000.0,3000.0,4000.0,9323280000.0,1.0,1.0,1.0,563.0,460.0,360.0,1.0,1.0,100
17271,65.11797,64.11222,1000.0,2000.0,1200.0,1538693400.0,0.65625,0.515625,0.4222222222222222,259.82456140350877,382.9298245614035,237.19298245614036,1.0,0.3157894736842105,57
17283,57.356,12.4322,2000.0,3000.0,4000.0,2983728000.0,0.5150976909413855,0.6739130434782609,0.5555555555555556,321.0833333333333,324.1666666666667,213.33333333333334,1.0,1.0,120
17288,61.0961,41.90538,2352.0,2385.0,12032.0,28283508000.0,0.17872340425531916,0.25210084033613445,0.27058823529411763,1095.5555555555557,1176.6666666666667,1502.2222222222222,1.0,0.0,9
17289,47.12039,46.98162,2352.0,2385.0,12032.0,31709658000.0,0.17872340425531916,0.23904382470119523,0.27058823529411763,1091.0,1310.0,1482.0,1.0,1.0,10
17290,71.1258,36.03909,2480.0,2650.0,13600.0,32211452960.0,0.438,0.146,0.15714285714285714,468.4468085106383,466.36879432624113,1037.0212765957447,1.0,1.0,141
17291,64.09206,36.27852,2480.0,2650.0,13600.0,32425452960.0,0.438,0.146,0.15714285714285714,468.1888111888112,466.13986013986016,1029.5104895104896,1.0,1.0,143
17292,79.86281,74.76472,2282.0,2494.0,5000.0,21275452960.0,0.438,0.146,0.15714285714285714,453.5816326530612,450.59183673469386,1047.142857142857,1.0,1.0,98
17293,82.48478,66.93935,2040.0,2674.0,8880.0,32425452960.0,0.438,0.146,0.15714285714285714,468.1888111888112,466.13986013986016,1029.5104895104896,1.0,1.0,143
17295,64.09206,36.27852,2480.0,2650.0,13600.0,32425452960.0,0.438,0.146,0.15714285714285714,468.1888111888112,466.13986013986016,1029.5104895104896,1.0,1.0,143
17296,83.12514,61.67349,2480.0,2650.0,8000.0,32425452960.0,0.438,0.146,0.15714285714285714,468.1888111888112,466.13986013986016,1029.5104895104896,1.0,1.0,143
17298,48.34073,22.5572,2480.0,2700.0,5800.0,8760496000.0,0.37300177619893427,0.5543478260869565,0.5277777777777778,295.7464788732394,322.84507042253523,235.6338028169014,1.0,1.0,355
17301,94.59571,14.14806,2490.0,2590.0,13490.0,12308584150.0,0.5850340136054422,0.9697674418604652,0.38624501074608536,1165.0,2117.5,2257.5,0.0,0.0,2
17303,94.85075,87.65683,2490.0,2590.0,13490.0,76260000000.0,0.6666666666666666,0.6,0.625,499.009900990099,376.23762376237624,651.4851485148515,1.0,1.0,606
17310,100.0,44.2975,800.0,2000.0,1200.0,850512000.0,1.0,1.0,1.0,290.0,188.0,390.0,1.0,1.0,40
17320,92.0202,91.1,800.0,2000.0,1200.0,1749120000.0,0.8,0.7142857142857143,0.7666666666666667,288.0,432.0,572.0,1.0,1.0,25
17333,96.67411,89.26042,800.0,2000.0,1200.0,1713800000.0,1.0,1.0,1.0,110.0,190.0,410.0,1.0,1.0,200
17334,98.60759,96.40125,800.0,2000.0,1200.0,1850904000.0,1.0,1.0,1.0,110.0,190.0,410.0,1.0,1.0,216
17335,98.60759,96.40125,800.0,2000.0,1200.0,1850904000.0,1.0,1.0,1.0,110.0,190.0,410.0,1.0,1.0,216
17337,74.82203,23.33222,2352.0,2393.0,5898.0,7745346000.0,0.2564102564102564,0.12277227722772277,0.5114503816793893,855.0,869.25,1230.0,0.0,0.0,8
17339,88.57566,77.72499,2490.0,2590.0,13490.0,67619466000.0,0.9420849420849421,0.9630434782608696,0.6,994.0,2284.5454545454545,1356.590909090909,0.0,0.0,22
17340,87.57304,77.34673,2490.0,2590.0,13490.0,67290384700.0,0.7625482625482626,0.9630434782608696,0.595,988.2727272727273,2280.681818181818,1358.3636363636363,0.0,0.0,22
17341,87.57304,77.34673,2490.0,2590.0,13490.0,67290384700.0,0.7625482625482626,0.9630434782608696,0.595,988.2727272727273,2280.681818181818,1358.3636363636363,0.0,0.0,22
17342,87.56514,77.39739,2490.0,2590.0,13490.0,67334463200.0,0.7722007722007722,0.9630434782608696,0.6,988.7272727272727,2280.681818181818,1358.8181818181818,0.0,0.0,22
17345,85.20238,70.33821,2490.0,2590.0,13490.0,61193088000.0,0.819672131147541,0.9486081370449678,1.0,887.04,2302.0,1200.0,0.0,0.0,25
17346,88.2767,72.87619,2490.0,2590.0,13490.0,63401088000.0,0.819672131147541,0.9486081370449678,1.0,883.6923076923077,2301.923076923077,1200.0,0.0,0.0,26
17347,85.20238,70.33821,2490.0,2590.0,13490.0,61193088000.0,0.819672131147541,0.9486081370449678,1.0,887.04,2302.0,1200.0,0.0,0.0,25
17349,93.81288,81.8931,2490.0,2590.0,13490.0,71245656000.0,0.8913934426229508,0.9486081370449678,1.0,933.0,2275.0,1200.0,0.0,0.0,28
17352,87.56514,77.39739,2490.0,2590.0,13490.0,67334463200.0,0.7722007722007722,0.9630434782608696,0.6,988.7272727272727,2280.681818181818,1358.8181818181818,0.0,0.0,22
17354,87.56514,77.39739,2490.0,2590.0,13490.0,67334463200.0,0.7722007722007722,0.9630434782608696,0.6,988.7272727272727,2280.681818181818,1358.8181818181818,0.0,0.0,22
17361,74.49223,19.39104,2480.0,2860.0,13600.0,18705000000.0,0.8333333333333334,0.6666666666666666,0.8666666666666667,1110.0,612.5,1390.0,0.0,0.0,20
17363,77.84735,33.76357,2490.0,2590.0,13490.0,29373750000.0,0.5,0.38461538461538464,0.872093023255814,1125.0,900.0,4025.0,0.5,0.0,6
17364,94.98881,73.19505,2490.0,2590.0,13490.0,63678488700.0,0.8113590263691683,1.0,0.8595988538681948,852.2758620689655,2095.0,1225.8620689655172,0.0,0.0,29
17365,94.50057,73.3118,2490.0,2590.0,13490.0,63780062680.0,0.8113590263691683,1.0,0.8595988538681948,856.7241379310345,2095.0,1222.2068965517242,0.0,0.0,29
17366,94.50057,73.3118,2490.0,2590.0,13490.0,63780062680.0,0.8113590263691683,1.0,0.8595988538681948,856.7241379310345,2095.0,1222.2068965517242,0.0,0.0,29
17367,97.69497,83.2662,2400.0,2400.0,13300.0,63788568380.0,0.8113590263691683,1.0,0.8595988538681948,858.8965517241379,2095.0,1219.7931034482758,0.0,0.0,29
17368,94.50057,73.3118,2490.0,2590.0,13490.0,63780062680.0,0.8113590263691683,1.0,0.8595988538681948,856.7241379310345,2095.0,1222.2068965517242,0.0,0.0,29
17369,97.69497,83.2662,2400.0,2400.0,13300.0,63788568380.0,0.8113590263691683,1.0,0.8595988538681948,858.8965517241379,2095.0,1219.7931034482758,0.0,0.0,29
17370,92.9466,80.69541,2400.0,2400.0,13300.0,61819142680.0,0.8113590263691683,1.0,0.8595988538681948,859.4642857142857,2095.0,1223.0,0.0,0.0,28
17371,91.90237,76.74275,2400.0,2400.0,13300.0,58791088340.0,0.8113590263691683,1.0,0.8595988538681948,825.8214285714286,2095.0,1211.5,0.0,0.0,28
17372,91.90237,76.74275,2400.0,2400.0,13300.0,58791088340.0,0.8113590263691683,1.0,0.8595988538681948,825.8214285714286,2095.0,1211.5,0.0,0.0,28
17373,97.00727,83.18305,2400.0,2400.0,13300.0,63724872000.0,0.8810572687224669,1.0,1.0,817.6774193548387,2095.0,1200.0,0.0,0.0,31
17374,91.90237,76.74275,2400.0,2400.0,13300.0,58791088340.0,0.8113590263691683,1.0,0.8595988538681948,825.8214285714286,2095.0,1211.5,0.0,0.0,28
17375,97.00727,83.18305,2400.0,2400.0,13300.0,63724872000.0,0.8810572687224669,1.0,1.0,817.6774193548387,2095.0,1200.0,0.0,0.0,31
17567,100.0,0.00248,2450.0,2350.0,7000.0,1000000.0,1.0,1.0,1.0,100.0,100.0,100.0,1.0,1.0,1
17568,100.0,0.00496,2450.0,2350.0,7000.0,2000000.0,1.0,1.0,1.0,100.0,100.0,100.0,1.0,1.0,2
17569,83.33333,0.024810000000000002,2450.0,2350.0,7000.0,10000000.0,1.0,1.0,1.0,100.0,100.0,100.0,1.0,1.0,10
