filling_space_percent,r_width,r_height,r_length,boxes_qty,mean_width_norm,mean_height_norm,mean_length_norm
81.72327,0.1919191919191919,0.36977491961414793,0.3542713567839196,270,0.1637037037037037,0.08798333333333333,0.17883024691358024
51.5625,1.0,1.0,1.0,33,0.375,0.125,0.3333333333333333
64.24381,1.0,1.0,1.0,17,0.32,0.7380952380952381,0.16
67.29798,0.6666666666666666,0.6666666666666666,0.6,33,0.3484848484848485,0.16345270890725436,0.34595959595959597
58.26317,1.0,1.0,1.0,33,0.321285140562249,0.6177606177606177,0.08895478131949593
90.27382,1.0,0.52,0.7333333333333333,966,0.07056451612903226,0.07333970377448638,0.18109852636706855
44.63278,0.39,0.375,0.5575539568345323,7,0.6690476190476191,0.6388571428571428,0.17049180327868851
72.29493,0.4375,0.1986754966887417,0.5036764705882353,54,0.3386880856760375,0.3162448162448162,0.11748071273645773
47.83901,0.31,0.375,0.5575539568345323,18,0.5224489795918368,0.5010482180293502,0.10366161616161615
44.63278,0.39,0.375,0.5575539568345323,7,0.6690476190476191,0.6388571428571428,0.17049180327868851
58.33333,1.0,1.0,1.0,40,0.25,0.11666666666666667,0.5
92.42424,0.6666666666666666,0.6666666666666666,0.6,53,0.339622641509434,0.15323041738136078,0.3238993710691824
98.4375,0.6666666666666666,0.6,0.625,66,0.34090909090909094,0.13363636363636364,0.2992424242424242
98.4375,0.6666666666666666,0.6,0.625,66,0.34090909090909094,0.13363636363636364,0.2992424242424242
45.05843,0.9666666666666667,0.9393939393939394,0.95,2000,0.12040816326530612,0.1306122448979592,0.014338235294117646
45.05843,0.9666666666666667,0.9393939393939394,0.95,2000,0.12040816326530612,0.1306122448979592,0.014338235294117646
53.02746,0.9333333333333333,0.5416666666666666,0.5714285714285714,59,0.1439564017754623,0.37167070217917675,0.15253688594301265
44.10313,0.875,0.2,0.5714285714285714,49,0.15022389137657086,0.32857142857142857,0.17203903251167738
44.10313,0.875,0.2,0.5714285714285714,49,0.15022389137657086,0.32857142857142857,0.17203903251167738
47.09761,0.6511627906976745,0.2,0.5,53,0.1592994639143789,0.29721473495058404,0.18641924784842134
45.96287,0.6511627906976745,0.2,0.5,51,0.15999524177719623,0.29673202614379085,0.18865169894438838
45.96287,0.6511627906976745,0.2,0.5,51,0.15999524177719623,0.29673202614379085,0.18865169894438838
41.75434,0.6511627906976745,0.2,0.5,48,0.18084344455679136,0.22896825396825396,0.21932664292651344
79.75931,0.8444444444444444,0.7833333333333333,0.8297872340425532,20,0.48375,0.24978723404255318,0.33166666666666667
26.94751,1.0,0.6666666666666666,1.0,26,0.3225806451612903,0.3646723646723647,0.0881057268722467
26.94751,1.0,0.6666666666666666,1.0,26,0.3225806451612903,0.3646723646723647,0.0881057268722467
98.4375,0.6666666666666666,0.6,0.625,66,0.34090909090909094,0.13363636363636364,0.2992424242424242
38.05116,1.0,0.6666666666666666,1.0,18,0.39215686274509803,0.39890301670406386,0.13513513513513514
70.36417,0.717948717948718,0.7631578947368421,0.9423076923076923,32,0.36875,0.145,0.41354166666666664
70.36417,0.717948717948718,0.7631578947368421,0.9423076923076923,32,0.36875,0.145,0.41354166666666664
75.0,1.0,1.0,1.0,12,0.625,0.2,0.5
69.39867,0.8,0.9555555555555556,0.5887850467289719,13,0.34461538461538466,0.18719049191152196,0.8496503496503497
69.1009,0.7,0.6444444444444445,0.45794392523364486,15,0.33466666666666667,0.17739628040057223,0.7642424242424242
68.71463,0.7,0.6444444444444445,0.45794392523364486,14,0.3321428571428572,0.18056407112201103,0.8136363636363636
16.51879,1.0,1.0,1.0,4,0.3076923076923077,0.8679245283018868,0.15463917525773196
17.43809,1.0,0.06956521739130435,0.8,8,0.3076923076923077,0.4641509433962264,0.13917525773195877
25.71185,1.0,0.6956521739130435,0.8,8,0.3076923076923077,0.7358490566037735,0.13917525773195877
66.25207,0.7272727272727273,0.38461538461538464,0.9166666666666666,21,0.46161321671525757,0.7407407407407408,0.09181864235055724
66.25207,0.7272727272727273,0.38461538461538464,0.9166666666666666,21,0.46161321671525757,0.7407407407407408,0.09181864235055724
36.20749,0.05054945054945055,0.5,0.16236084856122662,50,0.7188674698795181,0.040154440154440155,0.23996886582653817
6.23493,0.17644006227296316,1.0,0.08263707571801567,29,0.44548304360216584,0.024489795918367346,0.18907749077490774
84.30492,1.0,0.7258064516129032,1.0,460,0.17006802721088435,0.324153156927837,0.03324468085106383
40.74575,0.12093023255813953,0.05136363636363636,0.09,24,0.34689840327822524,0.3127006172839506,0.10716464259967837
41.37475,0.12093023255813953,0.05909090909090909,0.09,25,0.31945739720220434,0.3063703703703704,0.11685243719846947
41.37475,0.12093023255813953,0.05909090909090909,0.09,25,0.31945739720220434,0.3063703703703704,0.11685243719846947
41.37475,0.12093023255813953,0.05909090909090909,0.09,25,0.31945739720220434,0.3063703703703704,0.11685243719846947
14.51527,0.7272727272727273,0.4411764705882353,0.8823529411764706,9,0.392921146953405,0.3593628593628594,0.11290849673202615
78.7553,0.5555555555555556,0.22727272727272727,0.17272727272727273,35,0.43666666666666665,0.07111111111111111,0.5945454545454546
22.50152,0.5555555555555556,0.22727272727272727,0.17272727272727273,10,0.43666666666666665,0.07111111111111111,0.5945454545454546
73.84621,0.5555555555555556,0.22727272727272727,0.17272727272727273,34,0.43186274509803924,0.07026143790849673,0.5879679144385027
73.84621,0.5555555555555556,0.22727272727272727,0.17272727272727273,34,0.43186274509803924,0.07026143790849673,0.5879679144385027
78.7553,0.5555555555555556,0.22727272727272727,0.17272727272727273,35,0.43666666666666665,0.07111111111111111,0.5945454545454546
10.06973,0.37300177619893427,0.5543478260869565,0.5277777777777778,355,0.11877368629447367,0.12465060634074719,0.01746729450088224
8.23438,1.0,1.0,1.0,10,0.3875,0.05,0.425
15.5,1.0,1.0,1.0,40,0.3,0.05,0.25833333333333336
77.81519,1.0,1.0,1.0,60,0.18181818181818182,0.2962962962962963,0.24074074074074073
15.5,1.0,1.0,1.0,40,0.3,0.05,0.25833333333333336
79.43068,0.16,0.1111111111111111,0.10048426150121065,100,0.252575,0.077265,0.30561666666666665
72.68197,0.16,0.1111111111111111,0.10048426150121065,105,0.23061904761904764,0.07693809523809525,0.3013571428571429
82.39559,0.16877637130801687,0.16326530612244897,0.04352557127312296,8,0.3729919678714859,0.4232625482625483,0.1818013343217198
82.39559,0.16877637130801687,0.16326530612244897,0.04352557127312296,8,0.3729919678714859,0.4232625482625483,0.1818013343217198
82.39559,0.16877637130801687,0.16326530612244897,0.04352557127312296,8,0.3729919678714859,0.4232625482625483,0.1818013343217198
13.28999,1.0,1.0,1.0,300,0.08503401360544217,0.010447137484329294,0.49867021276595747
53.15996,1.0,1.0,1.0,1200,0.08503401360544217,0.010447137484329294,0.49867021276595747
57.57696,1.0,1.0,1.0,1449,0.08583690987124463,0.009266123054114159,0.4995836802664446
30.78793,0.1762114537444934,0.25,0.17857142857142858,10,0.4847389558232932,0.3081081081081081,0.11608598962194218
49.24104,0.26842105263157895,0.1510204081632653,0.05,25,0.40080645161290324,0.48727272727272725,0.08429411764705882
49.24104,0.26842105263157895,0.1510204081632653,0.05,25,0.40080645161290324,0.48727272727272725,0.08429411764705882
92.79553,1.0,0.52,0.7333333333333333,973,0.07056451612903226,0.074907107281208,0.18091409225560726
81.72327,0.1919191919191919,0.36977491961414793,0.3542713567839196,270,0.1637037037037037,0.08798333333333333,0.17883024691358024
78.14752,0.1919191919191919,0.36977491961414793,0.3542713567839196,247,0.15482793522267208,0.09560953666216825,0.17451417004048583
51.91179,0.5576923076923077,0.6744186046511628,0.921875,34,0.19449235710462143,0.4966386554621849,0.1464942982951338
49.43209,0.5576923076923077,0.6744186046511628,0.921875,33,0.1924196464135797,0.4930735930735931,0.14628046297911942
54.39149,0.5576923076923077,0.6744186046511628,0.921875,35,0.19644662718474648,0.5,0.14669591445023308
46.66986,0.5576923076923077,0.6744186046511628,0.921875,44,0.18205720659708388,0.4406940293066997,0.12345454545454546
85.10719,0.7407407407407407,0.5833333333333334,0.5925925925925926,47,0.5398936170212766,0.16543940795559667,0.20755110554860243
69.1009,0.7,0.6444444444444445,0.45794392523364486,15,0.33466666666666667,0.17739628040057223,0.7642424242424242
54.39149,0.5576923076923077,0.6744186046511628,0.921875,35,0.19644662718474648,0.5,0.14669591445023308
54.08501,1.0,1.0,1.0,26,0.42517006802721086,0.49056603773584906,0.09973404255319149
54.08501,1.0,1.0,1.0,26,0.42517006802721086,0.49056603773584906,0.09973404255319149
54.08501,1.0,1.0,1.0,26,0.42517006802721086,0.49056603773584906,0.09973404255319149
56.1652,1.0,1.0,1.0,27,0.42517006802721086,0.49056603773584906,0.09973404255319149
33.71416,0.16521739130434782,0.058823529411764705,0.06289308176100629,27,0.2580693142942139,0.2757042757042757,0.12165390000823655
34.39371,0.16521739130434782,0.058823529411764705,0.06289308176100629,29,0.265337210912616,0.26987085607775263,0.11681705477876332
59.18947,0.3333333333333333,0.2962962962962963,0.4126984126984127,4,0.5314625850340136,0.7690882134914752,0.30127992021276595
60.6502,0.7272727272727273,0.34782608695652173,0.37209302325581395,36,0.3859953703703704,0.5026205450733752,0.0872140522875817
68.89198,0.2857142857142857,0.12962962962962962,0.1746031746031746,8,0.4570578231292517,0.674110452186805,0.20777925531914893
68.89198,0.2857142857142857,0.12962962962962962,0.1746031746031746,8,0.4570578231292517,0.674110452186805,0.20777925531914893
56.90437,0.7272727272727273,0.34782608695652173,0.37209302325581395,32,0.3873697916666667,0.5182783018867925,0.08984375
32.67396,0.42857142857142855,0.15,0.7142857142857143,175,0.14110787172011663,0.20174927113702623,0.0385872430152873
72.24542,0.42857142857142855,0.15,0.7142857142857143,537,0.13369817200623269,0.17025804735301941,0.0379173624138476
77.77817,0.42857142857142855,0.15,0.7142857142857143,637,0.131932207733957,0.16275269919584787,0.03775770881727655
84.39142,0.42857142857142855,0.15,0.7142857142857143,554,0.1366891813206009,0.1628335563353614,0.04122972895536073
69.4624,0.3888888888888889,0.6333333333333333,0.34507042253521125,17,0.3341176470588235,0.17546074223680888,0.48733031674208144
89.12657,0.8,0.9959100204498977,0.8461538461538461,28,0.3524436090225564,0.9056973419464153,0.09973404255319149
70.36417,0.717948717948718,0.7631578947368421,0.9423076923076923,32,0.36875,0.145,0.41354166666666664
40.50446,1.0,1.0,1.0,2,0.72,0.2575107296137339,1.0923076923076922
40.50446,1.0,1.0,1.0,2,0.72,0.2575107296137339,1.0923076923076922
77.81317,0.7,0.6590909090909091,0.8461538461538461,35,0.3910714285714285,0.13794285714285714,0.41238095238095235
56.90437,0.7272727272727273,0.34782608695652173,0.37209302325581395,32,0.3873697916666667,0.5182783018867925,0.08984375
73.36606,0.3888888888888889,0.6333333333333333,0.34507042253521125,18,0.32337526205450734,0.1793037672865999,0.49264705882352944
34.1,1.0,1.0,1.0,88,0.3,0.05,0.25833333333333336
73.36606,0.3888888888888889,0.6333333333333333,0.34507042253521125,18,0.32337526205450734,0.1793037672865999,0.49264705882352944
73.36606,0.3888888888888889,0.6333333333333333,0.34507042253521125,18,0.32337526205450734,0.1793037672865999,0.49264705882352944
77.49435,0.3888888888888889,0.6333333333333333,0.34507042253521125,17,0.34411764705882353,0.1813299232736573,0.4972850678733032
30.06953,0.3333333333333333,0.2857142857142857,0.16666666666666666,14,0.2983362019506598,0.314396028681743,0.27004130043418406
42.48356,0.3333333333333333,0.2,0.16666666666666666,14,0.2983362019506598,0.39713182570325434,0.27004130043418406
51.89344,0.5333333333333333,0.34782608695652173,0.3076923076923077,26,0.40625,0.5428156748911467,0.0885180995475113
83.38397,0.03,0.2033898305084746,0.23002421307506055,92,0.2380978260869565,0.08636473429951691,0.3196014492753623
83.38397,0.03,0.2033898305084746,0.23002421307506055,92,0.2380978260869565,0.08636473429951691,0.3196014492753623
60.81921,0.03,0.2033898305084746,0.2375,86,0.21668604651162793,0.08483204134366926,0.2973062015503876
54.02523,0.05,0.2033898305084746,0.24675324675324675,85,0.20776470588235296,0.0843267973856209,0.29394117647058826
82.13504,0.03,0.2033898305084746,0.23002421307506055,88,0.24335227272727272,0.08667929292929294,0.3195454545454545
11.13453,1.0,1.0,1.0,78,0.18508064516129033,0.2097902097902098,0.03676470588235294
40.51499,0.918,0.8955223880597015,0.5555555555555556,172,0.1941157164291073,0.22316636851520574,0.052838577291381666
27.12824,0.7727272727272727,0.41304347826086957,0.5666666666666667,17,0.38187855787476277,0.5183129855715871,0.08174740484429066
50.02052,0.5333333333333333,0.34782608695652173,0.3076923076923077,24,0.4088541666666667,0.5566037735849056,0.09037990196078433
27.92807,0.8,0.375,0.4166666666666667,39,0.36186931348221674,0.18558364712210865,0.0969079939668175
57.10016,1.0,0.25,0.25,240,0.12096774193548387,0.26223776223776224,0.05514705882352941
57.10016,1.0,0.25,0.25,240,0.12096774193548387,0.26223776223776224,0.05514705882352941
46.68379,0.975609756097561,0.33755274261603374,0.3157894736842105,10,0.4907258064516129,0.6884615384615385,0.14191176470588235
46.68379,0.975609756097561,0.33755274261603374,0.3157894736842105,10,0.4907258064516129,0.6884615384615385,0.14191176470588235
46.68379,0.975609756097561,0.33755274261603374,0.3157894736842105,10,0.4907258064516129,0.6884615384615385,0.14191176470588235
46.68379,0.975609756097561,0.33755274261603374,0.3157894736842105,10,0.4907258064516129,0.6884615384615385,0.14191176470588235
58.56268,0.375,0.125,0.5217391304347826,8,0.333710407239819,0.7716836734693877,0.2860824742268041
30.27285,0.375,0.125,0.5217391304347826,9,0.32367149758454106,0.6122448979591837,0.17083333333333334
30.27285,0.375,0.125,0.5217391304347826,9,0.32367149758454106,0.6122448979591837,0.17083333333333334
46.27906,0.2222222222222222,0.08333333333333333,0.2,16,0.2907608695652174,0.498469387755102,0.203125
44.94703,0.2222222222222222,0.08333333333333333,0.34782608695652173,15,0.2978723404255319,0.5262585034013605,0.18333333333333335
5.48432,0.09523809523809523,0.0851063829787234,0.3333333333333333,9,0.2087813620071685,0.17148846960167716,0.15784313725490196
64.06673,0.17543859649122806,0.1125,0.1415929203539823,73,0.29633561643835615,0.10929223744292238,0.2690068493150685
64.06673,0.17543859649122806,0.1125,0.1415929203539823,73,0.29633561643835615,0.10929223744292238,0.2690068493150685
64.06673,0.17543859649122806,0.1125,0.1415929203539823,73,0.29633561643835615,0.10929223744292238,0.2690068493150685
64.06673,0.17543859649122806,0.1125,0.1415929203539823,73,0.29633561643835615,0.10929223744292238,0.2690068493150685
64.2888,0.1937984496124031,0.27548209366391185,0.2,82,0.26097560975609757,0.11117886178861788,0.2708943089430894
64.2888,0.1937984496124031,0.27548209366391185,0.2,82,0.26097560975609757,0.11117886178861788,0.2708943089430894
64.2888,0.1937984496124031,0.27548209366391185,0.2,82,0.26097560975609757,0.11117886178861788,0.2708943089430894
64.2888,0.1937984496124031,0.27548209366391185,0.2,82,0.26097560975609757,0.11117886178861788,0.2708943089430894
64.2888,0.1937984496124031,0.27548209366391185,0.2,82,0.26097560975609757,0.11117886178861788,0.2708943089430894
68.56407,0.7845868152274837,0.7828655834564254,0.9130434782608695,100,0.8171768707482994,0.4473684210526316,0.018284574468085107
68.56407,0.7845868152274837,0.7828655834564254,0.9130434782608695,100,0.8171768707482994,0.4473684210526316,0.018284574468085107
72.45,1.0,1.0,1.0,3,0.2625,0.575,1.6
65.09269,0.23,0.1380952380952381,0.21875,59,0.2938983050847458,0.11227871939736346,0.2972175141242938
42.56597,0.024509803921568627,0.03125,0.1707920792079208,15,0.2887096774193548,0.22792452830188678,0.15009803921568626
65.09269,0.23,0.1380952380952381,0.21875,59,0.2938983050847458,0.11227871939736346,0.2972175141242938
42.56597,0.024509803921568627,0.03125,0.1707920792079208,15,0.2887096774193548,0.22792452830188678,0.15009803921568626
57.10016,1.0,0.25,0.25,240,0.12096774193548387,0.26223776223776224,0.05514705882352941
64.06673,0.17543859649122806,0.1125,0.1415929203539823,73,0.29633561643835615,0.10929223744292238,0.2690068493150685
64.06673,0.17543859649122806,0.1125,0.1415929203539823,73,0.29633561643835615,0.10929223744292238,0.2690068493150685
52.2846,0.7405247813411079,0.4186046511627907,0.2311191992720655,2,0.7855263157894737,0.47444444444444445,0.4974264705882353
23.02181,1.0,1.0,1.0,4,0.6164965986394558,0.4011700793982449,0.2327127659574468
68.87481,0.35555555555555557,0.3333333333333333,0.5529411764705883,4,0.7610887096774194,0.660377358490566,0.2775735294117647
98.4375,0.6666666666666666,0.6,0.625,66,0.34090909090909094,0.13363636363636364,0.2992424242424242
80.55179,0.3888888888888889,0.6333333333333333,0.34507042253521125,18,0.3393839383938394,0.1793037672865999,0.5153846153846153
82.25598,0.3888888888888889,0.6333333333333333,0.34507042253521125,19,0.33611255862428346,0.17845041789021912,0.5080971659919028
69.4624,0.3888888888888889,0.6333333333333333,0.34507042253521125,17,0.3341176470588235,0.17546074223680888,0.48733031674208144
73.36606,0.3888888888888889,0.6333333333333333,0.34507042253521125,18,0.32337526205450734,0.1793037672865999,0.49264705882352944
73.36606,0.3888888888888889,0.6333333333333333,0.34507042253521125,18,0.32337526205450734,0.1793037672865999,0.49264705882352944
73.36606,0.3888888888888889,0.6333333333333333,0.34507042253521125,18,0.32337526205450734,0.1793037672865999,0.49264705882352944
82.41849,0.3888888888888889,0.6333333333333333,0.34507042253521125,18,0.3427777777777778,0.18164251207729468,0.5153846153846153
80.55179,0.3888888888888889,0.6333333333333333,0.34507042253521125,18,0.3393839383938394,0.1793037672865999,0.5153846153846153
82.25598,0.3888888888888889,0.6333333333333333,0.34507042253521125,19,0.33611255862428346,0.17845041789021912,0.5080971659919028
77.81317,0.7,0.6590909090909091,0.8461538461538461,35,0.3910714285714285,0.13794285714285714,0.41238095238095235
85.5585,0.3888888888888889,0.48333333333333334,0.30985915492957744,14,0.5303571428571429,0.164,0.5154761904761904
92.13183,0.3888888888888889,0.5166666666666667,0.34507042253521125,10,0.575,0.1704,0.695
13.70889,1.0,1.0,1.0,10,0.27149321266968324,0.30612244897959184,0.16494845360824742
70.54445,0.6504065040650406,0.33755274261603374,0.3157894736842105,16,0.4170866935483871,0.7410402097902098,0.1474264705882353
70.27026,0.6504065040650406,0.33755274261603374,0.3157894736842105,16,0.42767137096774194,0.7410402097902098,0.14384191176470587
71.78947,1.0,1.0,1.0,88,0.3,0.10526315789473684,0.25833333333333336
64.06673,0.17543859649122806,0.1125,0.1415929203539823,73,0.29633561643835615,0.10929223744292238,0.2690068493150685
61.30606,0.196,0.1380952380952381,0.15,50,0.2993,0.124,0.28858333333333336
73.92766,0.6504065040650406,0.9704641350210971,0.32105263157894737,14,0.41964285714285715,0.8269230769230769,0.15178571428571427
64.2888,0.1937984496124031,0.27548209366391185,0.2,82,0.26097560975609757,0.11117886178861788,0.2708943089430894
73.92766,0.6504065040650406,0.9704641350210971,0.32105263157894737,14,0.41964285714285715,0.8269230769230769,0.15178571428571427
72.10979,0.6504065040650406,0.8649789029535865,0.32105263157894737,13,0.4404466501240695,0.8095750403442711,0.15633484162895928
89.6649,0.34375,0.4473684210526316,0.3235294117647059,226,0.22511061946902655,0.10940265486725664,0.20191740412979353
43.84379,0.1762114537444934,0.2616279069767442,0.09487666034155598,8,0.4206827309236948,0.32866795366795365,0.1467753891771683
75.2907,0.02868217054263566,0.004048582995951417,0.014736842105263158,16,0.3847530241935484,0.6143356643356643,0.120078125
19.08094,0.918918918918919,0.7218045112781954,0.9444444444444444,23,0.2915752806089537,0.4777777777777778,0.059492379912189974
73.57107,0.44541484716157204,0.40930232558139534,0.23711340206185566,2,0.703656462585034,0.6330965315503552,0.49867021276595747
17.52462,1.0,1.0,1.0,8,0.33064516129032256,0.3074074074074074,0.21551724137931033
32.43181,0.0680327868852459,0.06147540983606557,0.06966666666666667,6,0.34173387096774194,0.27896270396270395,0.28147058823529414
32.43181,0.0680327868852459,0.06147540983606557,0.06966666666666667,6,0.34173387096774194,0.27896270396270395,0.28147058823529414
93.0,1.0,1.0,1.0,96,0.375,0.155,0.16666666666666666
40.50446,1.0,1.0,1.0,2,0.72,0.2575107296137339,1.0923076923076922
83.41583,0.7,0.6590909090909091,0.8461538461538461,35,0.38535714285714284,0.1544,0.40095238095238095
83.41583,0.7,0.6590909090909091,0.8461538461538461,35,0.38535714285714284,0.1544,0.40095238095238095
40.50446,1.0,1.0,1.0,2,0.72,0.2575107296137339,1.0923076923076922
40.50446,1.0,1.0,1.0,2,0.72,0.2575107296137339,1.0923076923076922
50.58303,0.6666666666666666,0.8833333333333333,0.8450704225352113,3,0.64,0.2474964234620887,1.035897435897436
50.58303,0.6666666666666666,0.8833333333333333,0.8450704225352113,3,0.64,0.2474964234620887,1.035897435897436
45.38498,0.45977011494252873,0.8301886792452831,0.3120567375886525,5,0.51,0.20257510729613734,0.7145454545454546
54.43777,0.9090909090909091,0.9361702127659575,0.9777777777777777,16,0.425,0.1968884120171674,0.4056818181818182
85.5585,0.3888888888888889,0.48333333333333334,0.30985915492957744,14,0.5303571428571429,0.164,0.5154761904761904
70.0,1.0,1.0,1.0,90,0.4,0.03333333333333333,0.5833333333333334
66.66667,1.0,1.0,1.0,15,0.8,0.06666666666666667,0.8333333333333334
65.18568,0.3333333333333333,0.5576923076923077,0.3120567375886525,12,0.46,0.20028612303290416,0.5113636363636364
61.83379,0.8636363636363636,0.7692307692307693,0.5945945945945946,14,0.4178571428571428,0.19405272838749235,0.5532467532467532
63.90919,0.3218390804597701,0.5686274509803921,0.3120567375886525,16,0.4640625,0.14275,0.4721297836938436
63.13669,0.6511627906976745,0.5576923076923077,0.5945945945945946,19,0.4414473684210526,0.14484210526315788,0.48934319269247495
65.19313,0.6511627906976745,0.5576923076923077,0.5945945945945946,19,0.43421052631578944,0.1517957985091484,0.48859649122807014
64.01571,0.3218390804597701,0.5686274509803921,0.3120567375886525,16,0.4640625,0.14275,0.47291666666666665
63.90919,0.3218390804597701,0.5686274509803921,0.3120567375886525,16,0.4640625,0.14275,0.4721297836938436
65.18568,0.3333333333333333,0.5576923076923077,0.3120567375886525,12,0.46,0.20028612303290416,0.5113636363636364
65.19313,0.6511627906976745,0.5576923076923077,0.5945945945945946,19,0.43421052631578944,0.1517957985091484,0.48859649122807014
65.09269,0.23,0.1380952380952381,0.21875,59,0.2938983050847458,0.11227871939736346,0.2972175141242938
65.09269,0.23,0.1380952380952381,0.21875,59,0.2938983050847458,0.11227871939736346,0.2972175141242938
13.12018,1.0,0.33755274261603374,1.0,4,0.3225806451612903,0.6914335664335665,0.14705882352941177
11.29115,0.7043478260869566,0.42780748663101603,0.6206896551724138,5,0.40963855421686746,0.5451737451737452,0.09725722757598221
19.42135,0.6557377049180327,0.19230769230769232,0.6,7,0.3940092165898617,0.5999000999001,0.1222689075630252
19.42135,0.6557377049180327,0.19230769230769232,0.6,7,0.3940092165898617,0.5999000999001,0.1222689075630252
68.20553,0.6504065040650406,0.3076923076923077,0.61,19,0.45776740237691005,0.7782480677217519,0.10421826625386997
47.45025,0.34782608695652173,0.04,0.4444444444444444,12,0.5460349462365591,0.4020979020979021,0.11519607843137256
50.13732,0.34782608695652173,0.4,0.4444444444444444,12,0.5460349462365591,0.4807692307692308,0.11519607843137256
67.88753,0.6666666666666666,0.1,0.5,23,0.38405797101449274,0.7153404429860541,0.10421994884910485
73.06696,0.6666666666666666,1.0,0.75,23,0.39492753623188404,0.7547169811320755,0.1054987212276215
35.88683,0.6222222222222222,0.5576923076923077,0.5945945945945946,10,0.47625,0.1568,0.4741666666666667
76.79467,0.5833333333333334,0.5849056603773585,0.36666666666666664,14,0.48125,0.17,0.6535714285714286
5.32294,0.2857142857142857,0.48333333333333334,0.2716049382716049,20,0.1857429718875502,0.17355212355212354,0.06849518161601185
6.06521,0.2857142857142857,0.48333333333333334,0.2716049382716049,20,0.19664115646258504,0.16660489251297259,0.07679521276595745
26.7479,0.2857142857142857,0.48333333333333334,0.2716049382716049,20,0.23382204246713853,0.21404761904761904,0.22168905950095968
26.7479,0.2857142857142857,0.48333333333333334,0.2716049382716049,20,0.23382204246713853,0.21404761904761904,0.22168905950095968
68.81243,0.6666666666666666,1.0,0.75,22,0.38636363636363635,0.7547169811320755,0.10561497326203208
47.63064,0.45454545454545453,0.4262295081967213,0.6,27,0.6608796296296297,0.7763888888888889,0.03518518518518519
67.92564,0.45454545454545453,0.4262295081967213,0.6,45,0.6015277777777778,0.8178333333333334,0.031111111111111114
16.2856,0.45454545454545453,0.4262295081967213,0.6,115,0.2213698509693586,0.8149275362318841,0.007886172077109238
29.29434,1.0,1.0,1.0,12,0.3305785123966942,0.4,0.18461538461538463
9.1471,0.5276595744680851,0.5681818181818182,0.6285714285714286,48,0.6460187932739861,0.13371913580246914,0.02143639438806632
66.65033,0.6666666666666666,1.0,0.75,16,0.3469387755102041,0.7547169811320755,0.15767045454545456
66.41509,0.6666666666666666,0.7,0.5,15,0.3482993197278912,0.7396226415094339,0.16833333333333333
66.41509,0.6666666666666666,0.7,0.5,15,0.3482993197278912,0.7396226415094339,0.16833333333333333
59.20694,0.7872340425531915,0.6086956521739131,0.5227272727272727,8,0.8442540322580645,0.6796328671328671,0.12408088235294118
10.06973,0.37300177619893427,0.5543478260869565,0.5277777777777778,355,0.11877368629447367,0.12465060634074719,0.01746729450088224
30.68663,0.7,0.7103064066852368,0.6785714285714286,216,0.13654832790323185,0.15145502645502645,0.07032121146721342
10.06973,0.37300177619893427,0.5543478260869565,0.5277777777777778,355,0.11877368629447367,0.12465060634074719,0.01746729450088224
16.04728,1.0,1.0,1.0,494,0.2625,0.005,0.2475
43.659,1.0,1.0,1.0,1344,0.2625,0.005,0.2475
58.73029,0.222,0.18518518518518517,0.63,2220,0.3002713556930424,0.046853803610560366,0.03261675315048184
50.63045,0.135,0.116,0.14084507042253522,12,0.4705215419501134,0.46824808500123544,0.19835992907801417
13.06481,0.34210526315789475,0.05714285714285714,0.5647058823529412,24,0.25270230791703185,0.12931034482758622,0.14966666666666667
41.8714,1.0,1.0,1.0,117,0.5102040816326531,0.012536564981195153,0.5595116988809766
44.70458,0.4166666666666667,1.0,1.0,136,0.468624949979992,0.012536564981195153,0.5595116988809766
77.02018,0.23076923076923078,0.3333333333333333,1.0,168,0.3553206997084548,0.06486286137879911,0.2742686170212766
52.38896,0.23076923076923078,0.3333333333333333,1.0,57,0.17379758921112307,0.11363553053130108,0.5595116988809766
77.02018,0.23076923076923078,0.3333333333333333,1.0,168,0.3553206997084548,0.06486286137879911,0.2742686170212766
77.02018,0.23076923076923078,0.3333333333333333,1.0,168,0.3553206997084548,0.06486286137879911,0.2742686170212766
77.02018,0.23076923076923078,0.3333333333333333,1.0,168,0.3553206997084548,0.06486286137879911,0.2742686170212766
56.26156,0.6666666666666666,0.95,0.5714285714285714,30,0.36666666666666664,0.7232704402515724,0.0696078431372549
33.9595,0.6557377049180327,0.19230769230769232,0.61,10,0.3564516129032258,0.7234265734265735,0.13558823529411765
66.73258,0.6504065040650406,0.38461538461538464,0.61,18,0.4173387096774194,0.7966200466200467,0.1170343137254902
58.4876,0.6504065040650406,0.38461538461538464,0.61,16,0.40826612903225806,0.7856206293706294,0.11976102941176471
36.12149,0.9285714285714286,0.7285714285714285,0.6785714285714286,315,0.13195567535190178,0.16849934820949314,0.05166023166023166
65.04189,0.6557377049180327,0.19230769230769232,0.61,18,0.41666666666666663,0.774864024864025,0.11715686274509804
65.05309,0.0860655737704918,0.04038461538461539,0.07,25,0.3118548387096774,0.5681818181818182,0.08723529411764706
64.16595,0.5,0.75,0.6,592,0.2184742140099283,0.13740155249589212,0.03563133445945946
26.71115,0.08108108108108109,0.46875,0.5236051502145923,5,0.34778911564625853,0.3969912244045132,0.3075618853848762
38.59184,0.12307692307692308,0.175,0.049372384937238493,10,0.3996710526315789,0.42772424017790955,0.20586768617021275
19.63145,1.0,1.0,1.0,53,0.21258503401360543,0.4192872117400419,0.041555851063829786
67.36758,0.0860655737704918,0.04038461538461539,0.07,26,0.318781017369727,0.5665008068854223,0.08733031674208144
46.39305,0.011627906976744186,0.006382978723404255,0.926829268292683,583,0.01197919548497759,0.014441818901510153,0.17641004944001615
46.39305,0.011627906976744186,0.006382978723404255,0.926829268292683,583,0.01197919548497759,0.014441818901510153,0.17641004944001615
15.49953,0.008661417322834646,0.004700854700854701,0.003648424543946932,582,0.008011168384879724,0.008194554586307162,0.17568526379624014
15.49953,0.008661417322834646,0.004700854700854701,0.003648424543946932,582,0.008011168384879724,0.008194554586307162,0.17568526379624014
67.58748,1.0,1.0,1.0,20,0.40160642570281124,0.9459459459459459,0.08895478131949593
38.51919,0.011627906976744186,0.00641025641025641,0.024739583333333332,621,0.013040231676276557,0.013460693895476503,0.17398183669603107
39.32862,0.011627906976744186,0.00641025641025641,0.024739583333333332,622,0.013810159734467378,0.013720122321408495,0.17385343767732175
38.51919,0.011627906976744186,0.00641025641025641,0.024739583333333332,621,0.013040231676276557,0.013460693895476503,0.17398183669603107
23.44868,1.0,1.0,1.0,17,0.22549019607843138,0.31039640987284967,0.19707207207207209
27.30592,0.8260869565217391,0.9880952380952381,0.09028571428571429,8,0.2275025278058645,0.3958333333333333,0.3721209213051823
34.94789,0.35185185185185186,0.77,0.08061224489795918,32,0.27444556451612906,0.30288461538461536,0.12230238970588235
63.90284,0.35185185185185186,0.83,0.08061224489795918,24,0.2392361111111111,0.3760869565217391,0.2714188453159041
34.94789,0.35185185185185186,0.77,0.08061224489795918,32,0.27444556451612906,0.30288461538461536,0.12230238970588235
38.51919,0.011627906976744186,0.00641025641025641,0.024739583333333332,621,0.013040231676276557,0.013460693895476503,0.17398183669603107
39.32862,0.011627906976744186,0.00641025641025641,0.024739583333333332,622,0.013810159734467378,0.013720122321408495,0.17385343767732175
38.51919,0.011627906976744186,0.00641025641025641,0.024739583333333332,621,0.013040231676276557,0.013460693895476503,0.17398183669603107
38.23124,1.0,0.20833333333333334,0.5614035087719298,7,0.49193548387096775,0.7257742257742258,0.14663865546218488
74.14373,0.011627906976744186,0.00641025641025641,0.024739583333333332,626,0.017077836751520147,0.01979881141222994,0.17395238207103927
9.52026,0.8307692307692308,0.12903225806451613,0.4326923076923077,4,0.2970171890798787,0.43154761904761907,0.19313819577735125
11.49308,0.8307692307692308,0.12903225806451613,0.4326923076923077,4,0.24479166666666666,0.5611455108359134,0.21756756756756757
6.00489,0.4909090909090909,0.09302325581395349,0.4326923076923077,5,0.2653846153846154,0.4358490566037736,0.08701030927835052
17.28106,0.438,0.05142857142857143,0.219,81,0.16891178813221824,0.2714744933612858,0.05526960784313725
37.25215,0.438,0.05142857142857143,0.219,153,0.18430054817625974,0.2322653841410778,0.06367022299115725
60.97664,0.7894736842105263,0.9459459459459459,0.9285714285714286,30,0.29138321995464855,0.30143474021451455,0.2294563128744207
29.89031,0.7894736842105263,0.9459459459459459,0.9285714285714286,30,0.29138321995464855,0.30143474021451455,0.11247783687943262
29.89031,0.7894736842105263,0.9459459459459459,0.9285714285714286,30,0.29138321995464855,0.30143474021451455,0.11247783687943262
59.77322,1.0,1.0,1.0,13,0.45230263157894735,0.407709414381023,0.24933510638297873
96.40054,1.0,1.0,1.0,8,0.49,0.24782608695652175,0.9923076923076923
32.11027,0.21212121212121213,0.14,0.1,15,0.3169230769230769,0.49861635220125783,0.17512027491408935
69.14196,0.4857142857142857,0.43478260869565216,0.43478260869565216,11,0.487012987012987,0.7547169811320755,0.18133462282398455
75.21865,0.4722222222222222,0.43478260869565216,0.38461538461538464,12,0.5102040816326531,0.6826043983197431,0.18423093971631205
90.28841,0.8648648648648649,0.8958333333333334,0.9067796610169492,11,0.4340909090909091,0.19881422924901185,0.9416666666666667
89.03057,0.14444444444444443,0.11304347826086956,0.2,312,0.1259157509157509,0.1189152458611317,0.0486416564375341
79.26114,0.14444444444444443,0.11304347826086956,0.2,508,0.11788426000321388,0.1052106255435639,0.04559691217121796
91.33256,0.14444444444444443,0.11304347826086956,0.2,362,0.12379261096703875,0.11580094115141562,0.047892544375220406
78.79577,1.0,1.0,1.0,24,0.4934210526315789,0.6671608598962194,0.09973404255319149
79.53658,0.14857142857142858,0.11304347826086956,0.22608695652173913,411,0.12062002416538392,0.11164438288071366,0.04691463477765699
79.26114,0.14444444444444443,0.11304347826086956,0.2,508,0.11788426000321388,0.1052106255435639,0.04559691217121796
90.41176,0.14444444444444443,0.11304347826086956,0.2,342,0.12456737080797232,0.11693738918583832,0.04816590456638049
24.31021,0.8,0.6,0.8333333333333334,90,0.18424036281179137,0.15322468310349632,0.09607776647451113
17.80339,0.8,0.6,0.8333333333333334,60,0.1913265306122449,0.1671541997492687,0.0932519498134961
20.40612,0.8,0.6,0.8333333333333334,72,0.18778344671201816,0.1601894414263825,0.09466485814400362
9.97112,1.0,1.0,1.0,40,0.1346153846153846,0.17962264150943397,0.10309278350515463
72.23125,0.022727272727272728,0.06,0.15384615384615385,207,0.11155734047300313,0.15350754481189263,0.1563154671737519
72.50368,0.022727272727272728,0.056,0.03538461538461538,214,0.10955973426415944,0.15259986288023672,0.15323223155954913
34.34156,1.0,1.0,1.0,1,0.5314625850340136,0.7939824488090264,0.8138351983723296
55.42313,0.5729166666666666,0.07692307692307693,0.10576923076923077,16,0.3385416666666667,0.39437944003343084,0.2565488301119023
14.75469,0.5328596802841918,0.46,0.5555555555555556,54,0.23212711010330056,0.20128151553141108,0.05954623664016678
41.53646,1.0,1.0,1.0,50,0.3125,0.11,0.24166666666666667
83.07292,1.0,1.0,1.0,100,0.3125,0.11,0.24166666666666667
61.57048,0.5714285714285714,0.8947368421052632,0.4444444444444444,22,0.3712121212121212,0.7101200686106346,0.10494652406417113
83.07292,1.0,1.0,1.0,60,0.3125,0.18333333333333332,0.24166666666666667
65.54606,1.0,1.0,1.0,33,0.321285140562249,0.694980694980695,0.08895478131949593
65.54606,1.0,1.0,1.0,33,0.321285140562249,0.694980694980695,0.08895478131949593
34.94459,0.10849056603773585,0.10857142857142857,0.19473684210526315,21,0.3853509275196022,0.33388490531347675,0.1402802781601892
87.65649,0.8,0.9959100204498977,0.8461538461538461,28,0.34656954887218044,0.9058297151329028,0.09973404255319149
81.71033,0.8,0.9959100204498977,0.8461538461538461,26,0.34792510121457493,0.9057991674744825,0.09973404255319149
38.6164,0.05128205128205128,0.6,0.3,34,0.6739900779588944,0.050647285941403594,0.3579601447695461
11.65422,0.7217391304347827,0.8846153846153846,0.28431372549019607,33,0.24902717774305236,0.05844155844155845,0.23174402373058803
29.13158,1.0,1.0,1.0,33,0.321285140562249,0.3088803088803089,0.08895478131949593
48.84073,1.0,0.9230769230769231,1.0,1800,0.1532258064516129,0.04292929292929293,0.04125
27.08164,1.0,1.0,1.0,4,0.42517006802721086,0.6059339740910991,0.2628009494743981
51.77125,0.24087591240875914,0.4463276836158192,0.587437867148667,31,0.1760478384902348,0.33108663710014424,0.2922805981251162
50.58303,0.6666666666666666,0.8833333333333333,0.8450704225352113,3,0.64,0.2474964234620887,1.035897435897436
45.38498,0.45977011494252873,0.8301886792452831,0.3120567375886525,5,0.51,0.20257510729613734,0.7145454545454546
54.43777,0.9090909090909091,0.9361702127659575,0.9777777777777777,16,0.425,0.1968884120171674,0.4056818181818182
61.83379,0.8636363636363636,0.7692307692307693,0.5945945945945946,14,0.4178571428571428,0.19405272838749235,0.5532467532467532
61.83379,0.8636363636363636,0.7692307692307693,0.5945945945945946,14,0.4178571428571428,0.19405272838749235,0.5532467532467532
63.90919,0.3218390804597701,0.5686274509803921,0.3120567375886525,16,0.4640625,0.14275,0.4721297836938436
63.13669,0.6511627906976745,0.5576923076923077,0.5945945945945946,19,0.4414473684210526,0.14484210526315788,0.48934319269247495
65.19313,0.6511627906976745,0.5576923076923077,0.5945945945945946,19,0.43421052631578944,0.1517957985091484,0.48859649122807014
84.68341,0.8,0.9959100204498977,0.8461538461538461,27,0.3472222222222222,0.9058150070010706,0.09973404255319149
86.63887,0.8,1.0,0.8461538461538461,27,0.3472222222222222,0.9266123054114158,0.09973404255319149
31.69028,0.4962962962962963,0.6814814814814815,0.3732394366197183,5,0.4328231292517007,0.481821980777267,0.3053577483892845
26.89373,0.4962962962962963,0.6074074074074074,0.3626760563380282,5,0.41369047619047616,0.4421228583368157,0.2814513394370973
60.46985,0.6666666666666666,0.25,0.5333333333333333,33,0.36616161616161613,0.6906803887935963,0.07286096256684492
16.16527,0.4444444444444444,0.08108108108108109,0.13592233009708737,7,0.3686831875607386,0.45827597161918876,0.16212718465045592
55.15117,0.2912621359223301,0.07537688442211055,0.09032258064516129,13,0.4062009419152276,0.5256030107772139,0.1839645560556465
75.92953,0.2569593147751606,0.3695652173913043,0.13592233009708737,12,0.45794359410430835,0.5925685693106004,0.14561862810283688
81.91017,0.5327868852459017,0.3333333333333333,0.35,6,0.8674698795180723,0.3667953667953668,0.3539659006671609
13.62401,0.1,0.07,0.04285714285714286,17,0.17789373814041745,0.13122171945701358,0.1518166089965398
13.62401,0.1,0.07,0.04285714285714286,17,0.17789373814041745,0.13122171945701358,0.1518166089965398
77.20498,1.0,1.0,1.0,183,0.2252,0.25485436893203883,0.07350785340314137
86.05242,1.0,1.0,1.0,3,0.935374149659864,0.9224318658280922,0.3324468085106383
36.89443,1.0,1.0,1.0,22,0.35714285714285715,0.5432511491851233,0.08643617021276596
77.48184,1.0,1.0,1.0,12,0.4166666666666667,0.4067796610169492,0.38095238095238093
40.35352,0.16666666666666666,0.10869565217391304,0.21666666666666667,16,0.4380020080321285,0.333011583011583,0.10934025203854707
36.49818,0.16666666666666666,0.043478260869565216,0.21666666666666667,17,0.43761859582542695,0.28589058000822704,0.10640138408304498
71.79583,0.36764705882352944,0.5490196078431373,0.4142857142857143,15,0.56,0.20333333333333334,0.43111111111111117
12.12593,1.0,1.0,1.0,510,0.044642857142857144,0.05559673832468495,0.09579518480840964
74.61267,0.36764705882352944,0.5490196078431373,0.4142857142857143,14,0.6223214285714286,0.17936507936507934,0.47797619047619044
74.61267,0.36764705882352944,0.5490196078431373,0.4142857142857143,14,0.6223214285714286,0.17936507936507934,0.47797619047619044
74.61267,0.36764705882352944,0.5490196078431373,0.4142857142857143,14,0.6223214285714286,0.17936507936507934,0.47797619047619044
67.87703,0.3048780487804878,0.5964912280701754,0.4142857142857143,12,0.5322916666666666,0.2425925925925926,0.39513888888888893
68.54144,0.3048780487804878,0.49122807017543857,0.4142857142857143,15,0.5658333333333334,0.1791304347826087,0.41833333333333333
68.17024,0.3048780487804878,0.5964912280701754,0.4142857142857143,14,0.5758928571428572,0.18602484472049688,0.4172619047619048
72.86988,0.3048780487804878,0.5964912280701754,0.4142857142857143,14,0.5991071428571428,0.18726708074534162,0.42678571428571427
72.86988,0.3048780487804878,0.5964912280701754,0.4142857142857143,14,0.5991071428571428,0.18726708074534162,0.42678571428571427
38.78593,1.0,1.0,1.0,13,0.35784313725490197,0.27299925205684367,0.3054054054054054
38.78593,1.0,1.0,1.0,13,0.35784313725490197,0.27299925205684367,0.3054054054054054
80.3648,0.6842105263157895,0.19047619047619047,0.7,2,0.8556149732620321,0.585480093676815,0.8360655737704918
57.75,1.0,1.0,1.0,32,0.375,0.105,0.4583333333333333
57.75,1.0,1.0,1.0,32,0.6875,0.105,0.25
46.2,1.0,1.0,1.0,32,0.55,0.105,0.25
69.3,1.0,1.0,1.0,48,0.55,0.105,0.25
47.1185,0.45714285714285713,0.65,0.8333333333333334,9,0.3850151171579743,0.7124619059385553,0.19969104404506235
59.62287,0.45714285714285713,0.65,0.8333333333333334,11,0.39231601731601734,0.7143338499898915,0.2003760905083387
51.2225,0.45714285714285713,0.65,0.8333333333333334,10,0.38052721088435376,0.7005189028910304,0.20006781959986436
61.25625,1.0,1.0,1.0,8,0.6875,0.165,0.675
82.72951,0.14444444444444443,0.10833333333333334,0.18571428571428572,211,0.13349534126446788,0.12673948404821547,0.05075328350307553
30.95981,0.6153846153846154,0.34782608695652173,0.5,10,0.4583333333333333,0.6113207547169811,0.10588235294117647
30.95981,0.6153846153846154,0.34782608695652173,0.5,10,0.4583333333333333,0.6113207547169811,0.10588235294117647
5.48717,1.0,1.0,1.0,20,0.4036144578313253,0.07335907335907337,0.09266123054114159
9.93122,1.0,1.0,1.0,16,0.12048192771084337,0.07722007722007722,0.6671608598962194
62.2734,0.5714285714285714,0.8947368421052632,0.4444444444444444,24,0.3680555555555556,0.710691823899371,0.0974264705882353
17.06777,0.18181818181818182,0.08163265306122448,0.14285714285714285,42,0.21521703919663104,0.09690963723558792,0.13048537234042554
5.48717,1.0,1.0,1.0,20,0.4036144578313253,0.07335907335907337,0.09266123054114159
19.4939,1.0,0.1,1.0,17,0.4036144578313253,0.3066091301385419,0.09266123054114159
42.88658,1.0,0.5,1.0,17,0.4036144578313253,0.6745400863047921,0.09266123054114159
42.88658,1.0,0.5,1.0,17,0.4036144578313253,0.6745400863047921,0.09266123054114159
51.77125,0.24087591240875914,0.4463276836158192,0.587437867148667,31,0.1760478384902348,0.33108663710014424,0.2922805981251162
35.72492,0.0875,0.14814814814814814,0.25,17,0.3773719165085389,0.3414232825997532,0.2097750865051903
35.72492,0.0875,0.14814814814814814,0.25,17,0.3773719165085389,0.3414232825997532,0.2097750865051903
73.5075,1.0,1.0,1.0,12,0.55,0.405,0.275
68.91328,1.0,1.0,1.0,9,0.6875,0.405,0.275
73.5075,1.0,1.0,1.0,12,0.55,0.405,0.275
18.1407,0.2556818181818182,0.12244897959183673,0.5892857142857143,35,0.35179786200194363,0.08218029350104822,0.1993968465045593
34.93882,0.7272727272727273,0.7083333333333334,1.0,12,0.4254032258064516,0.3351851851851852,0.20689655172413793
55.56507,1.0,1.0,1.0,115,0.17692307692307693,0.2943396226415094,0.09278350515463918
86.97141,1.0,1.0,1.0,180,0.17692307692307693,0.2943396226415094,0.09278350515463918
29.23714,0.038461538461538464,0.11538461538461539,0.1595744680851064,1087,0.12844282147081465,0.04717849021888181,0.03475246628432735
29.23714,0.038461538461538464,0.11538461538461539,0.1595744680851064,1087,0.12844282147081465,0.04717849021888181,0.03475246628432735
29.23714,0.038461538461538464,0.11538461538461539,0.1595744680851064,1087,0.12844282147081465,0.04717849021888181,0.03475246628432735
52.08333,1.0,1.0,1.0,100,0.25,0.1,0.20833333333333334
57.52224,0.22058823529411764,0.4027777777777778,0.15742128935532235,29,0.37913441238564394,0.1944625171690884,0.24512220286133526
12.25662,0.075,0.10625,0.115,37,0.2137341423055709,0.12106064552321039,0.04207698389879241
31.43737,0.09090909090909091,0.4166666666666667,0.05970149253731343,10,0.3253012048192771,0.5019305019305019,0.08561897702001482
31.43737,0.09090909090909091,0.4166666666666667,0.05970149253731343,10,0.3253012048192771,0.5019305019305019,0.08561897702001482
28.97938,0.6818181818181818,0.625,0.6666666666666666,9,0.4597222222222222,0.16944444444444445,0.4064814814814815
12.22767,0.75,0.18125,0.8,17,0.42016806722689076,0.2251122836087734,0.07822277847309136
28.95035,0.40358744394618834,0.85,0.782608695652174,20,0.4957482993197279,0.32616753150481836,0.09142287234042554
73.73551,0.36764705882352944,0.34146341463414637,0.4142857142857143,15,0.5683333333333334,0.18492753623188404,0.43944444444444447
49.77604,0.6666666666666666,0.38461538461538464,0.3023255813953488,27,0.46146953405017915,0.24475524475524477,0.12663398692810457
49.77604,0.6666666666666666,0.38461538461538464,0.3023255813953488,27,0.46146953405017915,0.24475524475524477,0.12663398692810457
73.52112,0.6666666666666666,0.38461538461538464,0.3023255813953488,28,0.4809907834101383,0.26598401598401594,0.148109243697479
48.31126,0.5,0.38461538461538464,0.872093023255814,15,0.3614457831325301,0.2548262548262548,0.2861378799110452
40.09525,0.5483870967741935,0.5769230769230769,0.22093023255813954,17,0.27185874349739897,0.30677711953983433,0.23208266012406997
41.19235,0.625,0.6666666666666666,0.3466666666666667,36,0.39650537634408606,0.20396270396270397,0.16053921568627452
18.80982,0.42424242424242425,0.43956043956043955,0.3346938775510204,11,0.4010263929618768,0.4968213604577241,0.08836898395721925
20.85596,0.42424242424242425,0.43956043956043955,0.3346938775510204,11,0.3994158451989777,0.5486135486135486,0.08908956129119212
41.19235,0.625,0.6666666666666666,0.3466666666666667,36,0.39650537634408606,0.20396270396270397,0.16053921568627452
30.29062,0.42424242424242425,0.43956043956043955,0.3346938775510204,13,0.41210997837503865,0.5711315711315712,0.09705194731139877
19.87361,1.0,1.0,1.0,17,0.2527805864509606,0.14285714285714285,0.32372936225315635
20.45812,0.6,0.6,0.5,18,0.24716324008538368,0.14814814814814814,0.31473687996834643
84.59283,1.0,1.0,1.0,68,0.3225806451612903,0.4370629370629371,0.08823529411764706
80.0,1.0,1.0,1.0,96,0.25,0.1,0.3333333333333333
16.99342,1.0,1.0,1.0,2,0.642570281124498,0.8108108108108109,0.16308376575240918
69.254,0.16010978956999086,0.25224454895254383,0.0967741935483871,5,0.6213654618473896,0.7281081081081081,0.21482579688658265
25.18668,0.8,0.6666666666666666,0.9545454545454546,2,0.7228915662650602,1.0617760617760619,0.15937731653076354
25.18668,0.8,0.6363636363636364,1.0,2,0.7228915662650602,1.0424710424710424,0.16308376575240918
36.16832,0.1590909090909091,0.25224454895254383,0.18181818181818182,3,0.6340026773761713,0.6343629343629343,0.17766246602421545
58.27236,0.8,0.9130434782608695,0.3548387096774194,4,0.6827309236947792,0.8301158301158301,0.23721275018532245
75.37522,1.0,1.0,1.0,156,0.17692307692307693,0.2943396226415094,0.09278350515463918
79.21268,1.0,1.0,1.0,112,0.25510204081632654,0.2223869532987398,0.12466755319148937
68.36809,1.0,1.0,1.0,116,0.25510204081632654,0.2223869532987398,0.10388962765957446
36.21864,0.547945205479452,0.4117647058823529,0.7692307692307693,22,0.49816715542521994,0.42246998284734133,0.07914438502673796
36.21864,0.547945205479452,0.4117647058823529,0.7692307692307693,22,0.49816715542521994,0.42246998284734133,0.07914438502673796
41.36421,0.15151515151515152,0.1625,0.06666666666666667,19,0.2624865735767991,0.17397233158114678,0.3484678124609591
59.67996,0.12254901960784313,0.11904761904761904,0.04411764705882353,18,0.2517951625094482,0.3193570929419986,0.0942856087470449
31.95821,0.237160751565762,0.21774193548387097,0.12125,7,0.47655529953917053,0.268733153638814,0.2370063025210084
36.21864,0.547945205479452,0.4117647058823529,0.7692307692307693,22,0.49816715542521994,0.42246998284734133,0.07914438502673796
36.21864,0.547945205479452,0.4117647058823529,0.7692307692307693,22,0.49816715542521994,0.42246998284734133,0.07914438502673796
85.18542,1.0,1.0,1.0,924,0.20614035087719298,0.08431372549019608,0.05304347826086957
85.18542,1.0,1.0,1.0,924,0.20614035087719298,0.08431372549019608,0.05304347826086957
51.44133,0.2845528455284553,0.14823529411764705,0.22660098522167488,28,0.33251728110599077,0.3987870619946091,0.08337710084033613
78.54167,1.0,1.0,1.0,29,0.4375,0.14857142857142858,0.4166666666666667
33.96153,1.0,1.0,1.0,200,0.36693548387096775,0.05244755244755245,0.08823529411764706
78.54167,1.0,1.0,1.0,29,0.4375,0.14857142857142858,0.4166666666666667
52.63178,0.38524590163934425,0.27450980392156865,0.10930232558139535,28,0.2573797376093295,0.2783415915467733,0.18547449498619384
69.36994,0.18292682926829268,0.12893982808022922,0.2962962962962963,86,0.2763808139534884,0.10563307493540051,0.2795348837209302
61.22618,0.2832369942196532,0.2425,0.3931203931203931,72,0.2627083333333333,0.13222993827160492,0.25440972222222225
68.57888,0.245,0.175,0.20512820512820512,73,0.27659246575342467,0.12268645357686454,0.2777625570776256
61.22618,0.2832369942196532,0.2425,0.3931203931203931,72,0.2627083333333333,0.13222993827160492,0.25440972222222225
82.1048,1.0,1.0,1.0,16,0.4838709677419355,0.4370629370629371,0.2426470588235294
74.45413,0.9583333333333334,0.32,0.6818181818181818,24,0.4737903225806452,0.28846153846153844,0.20404411764705882
82.1048,1.0,1.0,1.0,16,0.4838709677419355,0.4370629370629371,0.2426470588235294
91.76145,0.9583333333333334,0.32,0.6818181818181818,25,0.47661290322580646,0.3300699300699301,0.21485294117647058
41.70025,0.37300177619893427,0.5543478260869565,0.5277777777777778,355,0.1338219361417373,0.16471687266455878,0.04858428924059823
32.18452,1.0,1.0,1.0,100,0.20080321285140562,0.2702702702702703,0.05930318754633061
32.67118,0.9428571428571428,0.9,0.9428571428571428,200,0.1445578231292517,0.19916142557651992,0.05651595744680851
85.23474,0.9428571428571428,0.9,0.9428571428571428,512,0.14528858418367346,0.2009630503144654,0.05680165392287234
85.23474,0.9428571428571428,0.9,0.9428571428571428,512,0.14528858418367346,0.2009630503144654,0.05680165392287234
13.65445,0.8571428571428571,1.0,0.5,6,0.33704078193461406,0.2857142857142857,0.23192578374920025
59.33031,0.7272727272727273,0.4,0.704225352112676,75,0.41935483870967744,0.40023310023310027,0.04568627450980393
66.81149,0.2777777777777778,0.09375,0.5,108,0.45437574671445646,0.3164659414659415,0.04387935729847495
66.81149,0.2777777777777778,0.09375,0.5,108,0.45437574671445646,0.3164659414659415,0.04387935729847495
76.53095,0.2777777777777778,0.09375,0.5,129,0.4485496374093523,0.30807177318805223,0.04480164158686731
64.13914,1.0,1.0,1.0,30,0.12048192771084337,1.196911196911197,0.14825796886582654
97.12891,0.047619047619047616,0.014925373134328358,0.08974358974358974,2849,0.12616447948080603,0.11475551875848393,0.020634602333405524
64.13914,1.0,1.0,1.0,30,0.12048192771084337,1.196911196911197,0.14825796886582654
97.09122,0.047619047619047616,0.014925373134328358,0.06422018348623854,2656,0.12967494979919678,0.11904191078621379,0.0217975771937484
30.50044,0.05555555555555555,0.049019607843137254,0.1275,17,0.27980497011638883,0.21063507370161177,0.4056894889103182
38.19572,0.05555555555555555,0.08333333333333333,0.1275,22,0.26920272241127857,0.3083883329784969,0.35
38.19572,0.05555555555555555,0.08333333333333333,0.1275,22,0.26920272241127857,0.3083883329784969,0.35
38.19572,0.024509803921568627,0.1574074074074074,0.1275,22,0.30444822557122025,0.2775175644028103,0.35
38.19572,0.024509803921568627,0.1574074074074074,0.1275,22,0.30444822557122025,0.2775175644028103,0.35
19.39104,0.8333333333333334,0.6666666666666666,0.8666666666666667,20,0.4475806451612903,0.21416083916083917,0.10220588235294117
13.00407,1.0,1.0,0.5714285714285714,7,0.3333333333333333,0.7169811320754716,0.07773109243697479
37.1,1.0,1.0,1.0,32,0.4375,0.06,0.44166666666666665
69.5625,1.0,1.0,1.0,60,0.4375,0.06,0.44166666666666665
41.19235,0.625,0.6666666666666666,0.3466666666666667,36,0.39650537634408606,0.20396270396270397,0.16053921568627452
46.74436,0.6666666666666666,1.0,0.5,26,0.33974358974358976,0.7169811320754716,0.07296380090497737
37.68844,0.38461538461538464,0.5483870967741935,0.36764705882352944,52,0.271875,0.1010576923076923,0.23541666666666666
37.68844,0.38461538461538464,0.5483870967741935,0.36764705882352944,52,0.271875,0.1010576923076923,0.23541666666666666
23.62594,0.38461538461538464,0.5483870967741935,0.36764705882352944,25,0.2955,0.1022,0.26466666666666666
49.06333,0.5066079295154186,0.9251968503937008,0.6996904024767802,4,0.688508064516129,0.8566433566433567,0.2045955882352941
18.89139,0.36,0.32558139534883723,0.38461538461538464,53,0.15912707433507617,0.15968529176076346,0.14881743289928248
88.47085,0.36,0.32558139534883723,0.38461538461538464,241,0.14777783332500125,0.16462935965010653,0.15300714529588538
42.525,1.0,1.0,1.0,60,0.45,0.045,0.35
85.05,1.0,1.0,1.0,120,0.45,0.045,0.35
9.03725,1.0,1.0,0.75,56,0.12755102040816327,0.020894274968658588,0.6055321416460786
26.97439,0.6666666666666666,0.625,0.225,495,0.08881330309901739,0.032316478618191945,0.19520398971060213
14.56399,0.6666666666666666,0.5,0.225,147,0.11063098708871304,0.0323505917201816,0.3251419252000563
71.54494,0.055,0.25,0.2,890,0.11502761216846288,0.035060123863140155,0.2813294165609367
9.21302,0.07142857142857142,0.47191011235955055,0.39661016949152544,4,0.30544354838709675,0.4991258741258741,0.13363970588235294
49.32367,0.31056603773584907,0.088,0.10615711252653928,6,0.6672043010752688,0.4271561771561772,0.1952328431372549
81.51,1.0,1.0,1.0,24,0.4125,0.13,0.6333333333333333
48.84073,1.0,0.9230769230769231,1.0,1800,0.1532258064516129,0.04292929292929293,0.04125
40.36089,0.7692307692307693,0.6615384615384615,0.5841121495327103,12,0.1421875,0.29229166666666667,0.7911805555555556
82.49303,0.8846153846153846,1.0,0.9333333333333333,230,0.2004584442472641,0.2446256486286138,0.07313107076780759
87.26672,0.8846153846153846,1.0,0.9333333333333333,242,0.20148141901388655,0.2446256486286138,0.07315203534376648
9.27537,1.0,1.0,1.0,22,0.23293172690763053,0.1969111969111969,0.09191994069681246
17.32653,0.5,0.62,0.3333333333333333,60,0.22857142857142856,0.16952380952380952,0.06833333333333333
17.40565,0.35,0.718,0.36666666666666664,103,0.15989696849613633,0.15168169209431345,0.04963592233009709
20.40237,0.35,0.62,0.3333333333333333,122,0.16209434593509534,0.14975117096018736,0.04907786885245902
20.40237,0.35,0.62,0.3333333333333333,122,0.16209434593509534,0.14975117096018736,0.04907786885245902
14.95718,0.04316546762589928,0.020689655172413793,0.09,28,0.24902467010900745,0.18043298400441257,0.12401514349253416
14.95718,0.04316546762589928,0.020689655172413793,0.09,28,0.24902467010900745,0.18043298400441257,0.12401514349253416
29.91436,0.04316546762589928,0.020689655172413793,0.09,56,0.24902467010900745,0.18043298400441257,0.12401514349253416
44.87155,0.04316546762589928,0.020689655172413793,0.09,84,0.24902467010900745,0.18043298400441257,0.12401514349253416
40.83572,0.35251798561151076,0.07,0.42016806722689076,9,0.49151780698797887,0.2156084656084656,0.39952548517807634
33.5056,0.04316546762589928,0.020689655172413793,0.09,28,0.25002880184331794,0.1730820105820106,0.288442118226601
89.42238,0.8333333333333334,0.75,0.625,588,0.22047373166133924,0.13474115514931842,0.04795691441884389
90.15342,0.6666666666666666,0.6,0.625,726,0.19781605761890536,0.1368901368901369,0.04459991790674451
49.22855,0.974025974025974,0.8842105263157894,0.3968253968253968,18,0.30522088353413657,0.6911196911196911,0.1286961535293633
63.45481,0.974025974025974,0.8842105263157894,0.3968253968253968,18,0.3231292517006803,0.750524109014675,0.14429114952718675
19.39104,0.8333333333333334,0.6666666666666666,0.8666666666666667,20,0.4475806451612903,0.21416083916083917,0.10220588235294117
30.45109,0.5,0.38461538461538464,0.872093023255814,6,0.4536290322580645,0.3146853146853147,0.2959558823529412
56.926,1.0,1.0,1.0,6,0.6451612903225806,0.45454545454545453,0.3235294117647059
62.84749,0.6875,0.42857142857142855,0.3181818181818182,27,0.5017921146953405,0.27972027972027974,0.13398692810457516
62.84749,0.6875,0.42857142857142855,0.3181818181818182,27,0.5017921146953405,0.27972027972027974,0.13398692810457516
89.71148,0.1111111111111111,0.1417910447761194,0.2894736842105263,1293,0.22150045246250083,0.14089838825356585,0.02169858207450922
50.76313,1.0,1.0,1.0,140,0.19211324570273003,0.13333333333333333,0.14155470249520152
91.54833,1.0,1.0,1.0,28,0.475,0.14,0.49166666666666664
63.45481,0.974025974025974,0.8842105263157894,0.3968253968253968,18,0.3231292517006803,0.750524109014675,0.14429114952718675
45.15764,1.0,1.0,1.0,24,0.4435483870967742,0.5244755244755245,0.08088235294117647
39.80357,0.6550218340611353,0.8152866242038217,0.45090180360721444,4,0.738508064516129,0.5271698113207547,0.26029411764705884
21.13438,0.3781094527363184,0.4891304347826087,0.21565495207667731,6,0.5529461998292058,0.2729824561403509,0.2226473687129152
28.275,1.0,1.0,1.0,40,0.24375,0.12,0.24166666666666667
28.275,1.0,1.0,1.0,40,0.24375,0.12,0.24166666666666667
81.51,1.0,1.0,1.0,24,0.4125,0.13,0.6333333333333333
52.96652,1.0,1.0,1.0,32,0.321285140562249,0.5791505791505791,0.08895478131949593
47.77007,1.0,1.0,1.0,32,0.3225806451612903,0.5244755244755245,0.08823529411764706
50.7557,1.0,1.0,1.0,34,0.3225806451612903,0.5244755244755245,0.08823529411764706
53.50945,1.0,1.0,1.0,18,0.39215686274509803,0.5609573672400897,0.13513513513513514
45.54,1.0,0.5689655172413793,0.717948717948718,47,0.3,0.11175531914893616,0.27624113475177303
92.02861,1.0,1.0,1.0,60,0.48894557823129253,0.16088591725867113,0.1949813496100373
94.25,1.0,1.0,1.0,50,0.3,0.19333333333333333,0.325
59.82673,1.0,1.0,1.0,56,0.4576923076923077,0.03773584905660377,0.6185567010309279
58.7584,1.0,1.0,1.0,55,0.4576923076923077,0.03773584905660377,0.6185567010309279
28.03675,0.04316546762589928,0.025,0.09,57,0.24585358979778763,0.1748628327575696,0.12304371009064544
41.14542,0.04316546762589928,0.025,0.09,85,0.2440396881644224,0.17413127413127413,0.12312213840317447
73.8972,0.04316546762589928,0.025,0.09,85,0.29787197231833906,0.168661181750187,0.18704027556968733
50.87579,0.04316546762589928,0.025,0.09,80,0.231605,0.17971278317152103,0.17469633507853402
53.56012,0.04316546762589928,0.025,0.09,85,0.23371493212669683,0.17018867924528303,0.17122862340812614
37.10871,0.04316546762589928,0.025,0.09,85,0.24502371916508536,0.1576923076923077,0.12212629757785468
37.10871,0.04316546762589928,0.025,0.09,85,0.24502371916508536,0.1576923076923077,0.12212629757785468
50.87579,0.04316546762589928,0.025,0.09,80,0.231605,0.17971278317152103,0.17469633507853402
41.32823,0.04316546762589928,0.025,0.09,57,0.24487017543859646,0.18320984500085163,0.1738072931018646
14.92808,0.04316546762589928,0.025,0.09,29,0.25117019803351337,0.17700705631740113,0.12281383400219831
33.5056,0.04316546762589928,0.020689655172413793,0.09,28,0.25002880184331794,0.1730820105820106,0.288442118226601
68.67403,0.055,0.2222222222222222,0.2,903,0.10819707174121033,0.03797898910582221,0.25456758996705525
80.79543,0.055,0.2222222222222222,0.2,998,0.11394174403228226,0.037355111392865126,0.26251213855313205
55.68084,0.055,0.2222222222222222,0.2,777,0.10381646223482958,0.040271899862372076,0.2301894977378192
18.4599,1.0,1.0,1.0,6,0.4435483870967742,0.4965034965034965,0.13970588235294118
42.67946,0.04945054945054945,0.025,0.09,29,0.2567714126807564,0.18282247765006387,0.31109393579072536
37.9764,0.0335195530726257,0.025,0.09,29,0.2637235817575083,0.1792464878671775,0.29652794292508916
16.95298,0.0335195530726257,0.025,0.09,29,0.2626644509070766,0.18685927306616962,0.12749162853710283
33.90597,0.0335195530726257,0.025,0.09,58,0.2626644509070766,0.18685927306616962,0.12749162853710283
43.1112,0.03333333333333333,0.025,0.09,30,0.2592338709677419,0.18358024691358024,0.301367816091954
34.61566,0.04316546762589928,0.020689655172413793,0.09,29,0.25058398220244715,0.17298850574712643,0.28693816884661116
19.2452,0.03333333333333333,0.025,0.09,30,0.25819277108433736,0.19137709137709139,0.12957252285643686
37.45305,0.03333333333333333,0.025,0.09,58,0.2597562664450907,0.1891891891891892,0.13074307916464303
37.55623,0.04945054945054945,0.025,0.09,58,0.25809444675252735,0.18985487951005192,0.13074307916464303
18.77811,0.04945054945054945,0.025,0.09,29,0.25809444675252735,0.18985487951005192,0.13074307916464303
42.06488,0.04945054945054945,0.025,0.09,29,0.25913515016685207,0.18212005108556834,0.304090368608799
65.065,1.0,1.0,1.0,14,0.65,0.165,0.43333333333333335
74.36,1.0,1.0,1.0,20,0.52,0.165,0.43333333333333335
38.46568,0.6,0.6269129287598945,0.5796610169491525,3,0.48894557823129253,0.5966011979384316,0.44320108511359785
67.26549,0.75,0.5714285714285714,0.5714285714285714,1000,0.1360544217687075,0.1090146750524109,0.042386968085106384
11.7477,0.8333333333333334,0.75,0.5,26,0.2326302729528536,0.14223512336719885,0.13009049773755657
26.07989,0.8333333333333334,0.3,0.25,64,0.2249243951612903,0.19693396226415094,0.107421875
9.69831,0.532,0.146,0.22,37,0.19797297297297298,0.18228454869964306,0.06999205087440381
77.175,1.0,1.0,1.0,42,0.35,0.225,0.23333333333333334
45.93125,0.7,0.7547169811320755,0.4666666666666667,16,0.396875,0.23375,0.30625
71.8625,0.7,0.7547169811320755,0.4666666666666667,28,0.3821428571428572,0.23857142857142857,0.2785714285714286
71.8625,0.7,0.7547169811320755,0.4666666666666667,28,0.3821428571428572,0.23857142857142857,0.2785714285714286
71.8625,0.7,0.7547169811320755,0.4666666666666667,28,0.3821428571428572,0.23857142857142857,0.2785714285714286
44.18843,0.3092682926829268,0.03676470588235294,0.2757140498596665,10,0.5716465863453816,0.20054054054054052,0.34097108969607115
44.18843,0.3092682926829268,0.03676470588235294,0.2757140498596665,10,0.5716465863453816,0.20054054054054052,0.34097108969607115
85.15112,0.8403361344537815,0.5714285714285714,0.6571428571428571,101,0.4469362598910493,0.04357964754004358,0.43825642757011063
94.25,1.0,1.0,1.0,50,0.3,0.19333333333333333,0.325
44.18843,0.3092682926829268,0.03676470588235294,0.2757140498596665,10,0.5716465863453816,0.20054054054054052,0.34097108969607115
44.18843,0.3092682926829268,0.03676470588235294,0.2757140498596665,10,0.5716465863453816,0.20054054054054052,0.34097108969607115
69.5625,1.0,1.0,1.0,28,0.375,0.265,0.25
69.5625,1.0,1.0,1.0,28,0.375,0.265,0.25
10.73143,0.37300177619893427,0.5543478260869565,0.5277777777777778,355,0.12071284851968957,0.13177349813164704,0.017326014913007455
8.8847,0.9383333333333334,0.8695652173913043,0.72,2,0.5815,0.215,0.35833333333333334
13.59645,1.0,1.0,1.0,35,0.2815,0.15333333333333332,0.09
64.11222,0.65625,0.515625,0.4222222222222222,57,0.2598245614035088,0.19146491228070175,0.1976608187134503
17.09268,1.0,1.0,1.0,44,0.2815,0.15333333333333332,0.09
38.847,1.0,1.0,1.0,100,0.2815,0.15333333333333332,0.09
64.11222,0.65625,0.515625,0.4222222222222222,57,0.2598245614035088,0.19146491228070175,0.1976608187134503
12.4322,0.5150976909413855,0.6739130434782609,0.5555555555555556,120,0.16054166666666667,0.10805555555555556,0.05333333333333334
41.90538,0.17872340425531916,0.25210084033613445,0.27058823529411763,9,0.4657974300831444,0.49336128581411604,0.12485224586288415
46.98162,0.17872340425531916,0.23904382470119523,0.27058823529411763,10,0.4638605442176871,0.549266247379455,0.12317154255319149
36.03909,0.438,0.146,0.15714285714285714,141,0.1888898421413864,0.17598822427405325,0.07625156445556946
36.27852,0.438,0.146,0.15714285714285714,143,0.18878581096323033,0.17590183401504156,0.07569930069930071
74.76472,0.438,0.146,0.15714285714285714,98,0.19876495734139404,0.1806703435183215,0.2094285714285714
66.93935,0.438,0.146,0.15714285714285714,143,0.22950431921020156,0.17432305913981308,0.11593586593586595
36.27852,0.438,0.146,0.15714285714285714,143,0.18878581096323033,0.17590183401504156,0.07569930069930071
61.67349,0.438,0.146,0.15714285714285714,143,0.18878581096323033,0.17590183401504156,0.1286888111888112
22.5572,0.37300177619893427,0.5543478260869565,0.5277777777777778,355,0.11925261244888687,0.11957224830464268,0.04062651772705197
14.14806,0.5850340136054422,0.9697674418604652,0.38624501074608536,2,0.4678714859437751,0.8175675675675675,0.1673461823573017
87.65683,0.6666666666666666,0.6,0.625,606,0.2004055827269474,0.14526549180014528,0.04829393243253162
44.2975,1.0,1.0,1.0,40,0.3625,0.094,0.325
91.1,0.8,0.7142857142857143,0.7666666666666667,25,0.36,0.216,0.4766666666666667
89.26042,1.0,1.0,1.0,200,0.1375,0.095,0.3416666666666667
96.40125,1.0,1.0,1.0,216,0.1375,0.095,0.3416666666666667
96.40125,1.0,1.0,1.0,216,0.1375,0.095,0.3416666666666667
23.33222,0.2564102564102564,0.12277227722772277,0.5114503816793893,8,0.3635204081632653,0.36324697033012954,0.20854526958290945
77.72499,0.9420849420849421,0.9630434782608696,0.6,22,0.39919678714859436,0.8820638820638821,0.10056270638183165
77.34673,0.7625482625482626,0.9630434782608696,0.595,22,0.3968966776195692,0.8805721305721305,0.10069411685423545
77.34673,0.7625482625482626,0.9630434782608696,0.595,22,0.3968966776195692,0.8805721305721305,0.10069411685423545
77.39739,0.7722007722007722,0.9630434782608696,0.6,22,0.39707922599488865,0.8805721305721305,0.10072781184715951
70.33821,0.819672131147541,0.9486081370449678,1.0,25,0.3562409638554217,0.8888030888030888,0.08895478131949593
72.87619,0.819672131147541,0.9486081370449678,1.0,26,0.3548965091133766,0.8887733887733889,0.08895478131949593
70.33821,0.819672131147541,0.9486081370449678,1.0,25,0.3562409638554217,0.8888030888030888,0.08895478131949593
81.8931,0.8913934426229508,0.9486081370449678,1.0,28,0.3746987951807229,0.8783783783783784,0.08895478131949593
77.39739,0.7722007722007722,0.9630434782608696,0.6,22,0.39707922599488865,0.8805721305721305,0.10072781184715951
77.39739,0.7722007722007722,0.9630434782608696,0.6,22,0.39707922599488865,0.8805721305721305,0.10072781184715951
19.39104,0.8333333333333334,0.6666666666666666,0.8666666666666667,20,0.4475806451612903,0.21416083916083917,0.10220588235294117
33.76357,0.5,0.38461538461538464,0.872093023255814,6,0.45180722891566266,0.3474903474903475,0.2983691623424759
73.19505,0.8113590263691683,1.0,0.8595988538681948,29,0.3422794626782994,0.8088803088803089,0.09087191022724368
73.3118,0.8113590263691683,1.0,0.8595988538681948,29,0.344065918847805,0.8088803088803089,0.090600956008282
73.3118,0.8113590263691683,1.0,0.8595988538681948,29,0.344065918847805,0.8088803088803089,0.090600956008282
83.2662,0.8113590263691683,1.0,0.8595988538681948,29,0.3578735632183908,0.8729166666666667,0.09171376717656209
73.3118,0.8113590263691683,1.0,0.8595988538681948,29,0.344065918847805,0.8088803088803089,0.090600956008282
83.2662,0.8113590263691683,1.0,0.8595988538681948,29,0.3578735632183908,0.8729166666666667,0.09171376717656209
80.69541,0.8113590263691683,1.0,0.8595988538681948,28,0.358110119047619,0.8729166666666667,0.09195488721804511
76.74275,0.8113590263691683,1.0,0.8595988538681948,28,0.3440922619047619,0.8729166666666667,0.09109022556390978
76.74275,0.8113590263691683,1.0,0.8595988538681948,28,0.3440922619047619,0.8729166666666667,0.09109022556390978
83.18305,0.8810572687224669,1.0,1.0,31,0.3406989247311828,0.8729166666666667,0.09022556390977443
76.74275,0.8113590263691683,1.0,0.8595988538681948,28,0.3440922619047619,0.8729166666666667,0.09109022556390978
83.18305,0.8810572687224669,1.0,1.0,31,0.3406989247311828,0.8729166666666667,0.09022556390977443
0.00248,1.0,1.0,1.0,1,0.04081632653061224,0.0425531914893617,0.014285714285714285
0.00496,1.0,1.0,1.0,2,0.04081632653061224,0.0425531914893617,0.014285714285714285
0.024810000000000002,1.0,1.0,1.0,10,0.04081632653061224,0.0425531914893617,0.014285714285714285
